uid	title	doktype	state	content_rows	live_rows	ctypes	other
3	Template Storage	254	deleted	0	0	-	
74	Content1	254	deleted	2	0	-	tt_news=1
116	Kalendar Storage	254	deleted	0	0	-	
318	Tat2007TemplateStorage	254	deleted	0	0	-	
733	pyrofessor	1	active	0	0	-	
734	alt	199	deleted	0	0	-	
735	karin	1	deleted	2	0	-	
736	Kalender	254	deleted	0	0	-	tt_address=1;tx_cal_event=1
737	1 struktur - menues	1	deleted	2	0	-	
738	2-4	1	deleted	0	0	-	
739	2-3	1	deleted	0	0	-	
740	3-4	1	deleted	0	0	-	
741	3-3	1	deleted	0	0	-	
742	3-2	1	deleted	0	0	-	
743	3-1	1	deleted	0	0	-	
744	2-2	1	deleted	0	0	-	
745	3-4	1	deleted	0	0	-	
746	3-3	1	deleted	0	0	-	
747	3-2	1	deleted	0	0	-	
748	3-1	1	deleted	0	0	-	
749	2-1	1	deleted	2	0	-	
750	3-4	1	deleted	0	0	-	
751	3-3	1	deleted	0	0	-	
752	3-2	1	deleted	0	0	-	
753	3-1	1	deleted	2	0	-	
754	4-4	1	deleted	0	0	-	
755	4-3	1	deleted	0	0	-	
756	4-2	1	deleted	0	0	-	
757	4-1	1	deleted	0	0	-	
758	Sitemap	1	deleted	1	0	-	
759	test	1	deleted	3	0	-	tt_address=1
760	Plug in	1	deleted	2	0	-	
761	start	1	deleted	0	0	-	
762	recycler	255	active	0	0	-	
764	universe1	1	deleted	5	0	-	
765	mhk	1	deleted	0	0	-	
766	Media	2	active	0	0	-	
767	Tests	1	deleted	1	0	-	
768	wtStorage	254	deleted	0	0	-	
769	Kontakt	1	deleted	0	0	-	
770	Start	1	deleted	3	0	-	
771	Kontakt	1	active	3	1	text	
772	test Start	1	hidden	1	1	text	
774	1 struktur - menues	1	hidden	2	2	list,menu	
775	2-4	1	active	0	0	-	
776	2-3	1	active	0	0	-	
777	3-4	1	active	0	0	-	
778	3-3	1	active	0	0	-	
779	3-2	1	active	0	0	-	
780	3-1	1	active	0	0	-	
781	2-2	1	active	0	0	-	
782	3-4	1	active	0	0	-	
783	3-3	1	active	0	0	-	
784	3-2	1	active	0	0	-	
785	3-1	1	active	0	0	-	
786	2-1	1	active	2	2	list,menu	
787	3-4	1	active	0	0	-	
788	3-3	1	active	0	0	-	
789	3-2	1	active	0	0	-	
790	3-1	1	active	2	2	list,menu	
791	4-4	1	active	0	0	-	
792	4-3	1	active	0	0	-	
793	4-2	1	active	0	0	-	
794	4-1	1	active	0	0	-	
795	Archiv	1	active	0	0	-	
796	2000	1	hidden	0	0	-	
799	Feuershow für Kinder	1	active	1	1	text	
800	Start	1	active	1	1	text	
801	Feuershow für Kids	1	active	21	11	image,text	
802	X-mas	1	active	4	2	textpic	
803	Skulpturen	1	active	15	8	image,text	
804	Logo & Eddie	1	active	13	8	image,text	
805	Jung & Alt  Workshop	1	active	6	4	image,text	
806	Burnie	1	active	7	4	image,text	
807	Feuerboote	1	active	4	4	list,text	
808	Pool-Fire	1	active	4	3	image	
809	Impressum	1	active	1	1	text	
810	Videos	1	hidden	9	4	html,text	
811	Sitemap	1	active	1	1	list	
812	Bilder Galerie	1	active	2	1	list	
813	t3 tips blog	1	deleted	3	0	-	
814	login	1	deleted	1	0	-	
816	1.Mai 2008	1	active	1	1	list	
817	slideshow 	1	hidden	1	1	list	
820	Tacheles	1	active	1	1	list	
821	Vermischtes	1	hidden	1	1	list	
822	news	254	active	0	0	-	tt_news=2
823	eins	1	deleted	0	0	-	
824	zwei	1	deleted	0	0	-	
825	eins zwei	1	deleted	0	0	-	
826	zwei zwei	1	deleted	0	0	-	
827	test 	1	deleted	1	0	-	
828	zwei	1	deleted	0	0	-	
829	zwei zwei	1	deleted	0	0	-	
830	eins	1	deleted	0	0	-	
831	eins zwei	1	deleted	0	0	-	
832	t3 tips	254	deleted	0	0	-	tt_news=1
833	wtweb design\r\n	4	deleted	2	0	-	
834	Kontakt	1	deleted	0	0	-	
835	Development	1	deleted	0	0	-	
836	Restauration	1	deleted	0	0	-	
837	Produkte	1	deleted	0	0	-	
838	Konstruktion	1	deleted	1	0	-	
839	Dienstleistungen	1	deleted	2	0	-	
840	Cpt.Silver	1	deleted	1	0	-	
841	Treppe	1	deleted	1	0	-	
842	Vordach	1	deleted	1	0	-	
843	Museum	1	deleted	1	0	-	
844	Modellbau	1	deleted	1	0	-	
845	Taschenleuchte	1	deleted	0	0	-	
846	Moebel	1	deleted	0	0	-	
847	Trommelbeschlag	1	deleted	1	0	-	
848	Wetterhahn	1	deleted	1	0	-	
849	Regal	1	deleted	1	0	-	
850	Kontakt	1	deleted	2	0	-	
851	Tests	1	deleted	1	0	-	
852	Start	1	deleted	14	0	-	
853	lx-i	1	deleted	1	0	-	
854	Archiv	1	deleted	6	0	-	
855	schau	1	deleted	0	0	-	
856	Produkte	1	deleted	1	0	-	
857	History	1	deleted	1	0	-	
858	t3	1	deleted	1	0	-	
859	edit typoscript	1	deleted	1	0	-	
860	maja	4	active	1	1	text	
861	start	4	hidden	0	0	-	
863	entwurf	1	active	1	1	list	
864	Bio	254	active	0	0	-	tt_news=91
865	Bio	1	active	1	1	text	
866	Murals Europe	1	active	2	2	list,text	
867	recent work	1	active	3	3	list,text	
868	show	1	active	4	2	text	
869	painting	1	active	3	2	text	
870	sculptures	1	active	4	2	text	
872	performance	1	active	4	4	list,text	
873	event organisation	1	active	3	3	list,text	
874	murals	1	active	3	3	list,text	
875	paper work	1	active	4	4	list,text	
877	sculptural work	1	active	4	4	list,text	
878	collaborations	1	active	3	3	list,text	
918	Felix und Regula	1	active	2	2	list,text	
919	Wohlgroth	1	active	2	2	list,text	
920	Graphical Work	1	active	2	2	list,text	
921	Akwa	1	active	2	2	list,text	
922	Malaga la Vache	1	active	2	2	list,text	
923	Concept Illustration	1	active	2	2	list,text	
924	Breath Under Water	1	active	8	4	list,text	
926	Elxt 90	1	active	13	8	html,list,text	
927	Free Radicals	1	active	3	3	list,text	
928	Bagger	1	active	4	4	list,text	
929	wtweb.net	1	deleted	0	0	-	
930	think	1	deleted	0	0	-	
932	Trojan Fire	1	active	2	2	list,text	
933	Casino Gitano	1	active	12	3	list,text	
934	Dada Festwochen	1	active	2	2	list,text	
935	Eurokon	1	active	3	3	list,text	
936	Eurokot	1	active	3	3	list,text	
937	Alchemy Bar	1	active	6	4	list,text	
938	Kalandraka	1	active	2	2	list,text	
941	Mantelheizung	1	active	2	2	list,text	
942	Dorfbachschiff	1	active	2	2	list,text	
943	XIX	1	hidden	3	2	text	
945	Hand of Man	1	active	2	2	list,text	
946	Wheel of Power	1	active	7	3	list,text	
947	Forget me Not	1	active	2	2	list,text	
948	recent sculptures	1	hidden	0	0	-	
949	The Alchemy Bar	1	active	3	1	text	
950	Info	1	hidden	0	0	-	
951	Sitemap	1	active	1	1	list	
952	Kontakt	1	active	1	1	text	
953	recent sculptures	1	hidden	6	2	text	
954	blog	1	deleted	2	0	-	
955	templates	254	deleted	0	0	-	
956	links	254	deleted	0	0	-	
957	comments	254	deleted	0	0	-	tx_veguestbook_entries=2
958	blog posts	254	deleted	0	0	-	
959	about	1	deleted	0	0	-	
960	details	1	deleted	1	0	-	
961	list	1	deleted	1	0	-	
962	search	1	deleted	1	0	-	
963	articles	1	deleted	1	0	-	
964	blog	1	deleted	3	0	-	
965	templates ext	254	active	0	0	-	
966	Brennende Badewanne	1	active	10	9	image,text	
967	test mooflow 	1	active	1	1	list	
968	design 2	1	active	3	3	list,text	
969	design 3	1	active	0	0	-	
970	testmount	7	active	0	0	-	
971	suche	1	active	1	1	search	
972	info	1	active	0	0	-	
973	contact	1	active	6	3	image,text	
974	links	1	active	2	1	text	
975	WOP	1	hidden	2	2	login,text	
976	Entwurf1 	1	hidden	0	0	-	
977	content	1	active	0	0	-	
978	FE user maja	254	active	0	0	-	
979	login	1	active	0	0	-	
980	youtube	1	deleted	3	0	-	
981	press	1	active	4	4	list,text	
982	Breath under Water	1	active	0	0	-	
983	test posts	254	deleted	0	0	-	
994	Throne	1	active	2	2	list,text	
995	Soldier	1	active	2	2	list,text	
996	Jurabird	1	hidden	2	2	list,text	
997	Pleitegeier	1	active	2	2	list,text	
998	Vulture	1	active	2	2	list,text	
999	Lizard	1	active	2	2	list,text	
1000	Crows	1	active	2	2	list,text	
1001	Bird Couple	1	hidden	2	2	list,text	
1002	Whale	1	hidden	2	2	list,text	
1003	Kiss Machine	1	active	2	2	list,text	
1004	17 ton  Bar	1	active	2	2	list,text	
1005	Eagle	1	active	2	2	list,text	
1006	Torso	1	active	2	2	list,text	
1007	Nailed Tanks	1	active	2	2	list,text	
1008	Iron Channel	1	active	2	2	list,text	
1009	test gallery fotograf	1	active	1	1	list	
1010	tools	4	active	0	0	-	
1012	Search	1	active	1	1	search	
1013	Sitemap	1	active	2	2	list	
1014	Olympic Machine	1	active	2	2	list,text	
1016	bio timeline	1	active	4	4	list,text	
1018	Home	1	active	5	3	text	
1021	test posts	254	deleted	0	0	-	tt_news=14
1022	allg tests	1	deleted	2	0	-	
1023	schau	1	deleted	0	0	-	
1024	licht	1	deleted	0	0	-	
1026	Nova	1	active	2	2	list,text	
1027	Car Wreck	1	active	2	2	list,text	
1028	Preise	1	deleted	2	0	-	
1031	Elephant	1	active	2	2	list,text	
1034	Duschfass	1	active	2	2	list,text	
1035	Raw Heater Bar	1	active	2	2	list,text	
1036	Gazing Starling	1	hidden	2	2	list,text	
1037	Birds	1	hidden	0	0	-	
1038	Nagging Couple	1	hidden	2	2	list,text	
1039	Sculptures	1	active	8	2	text	
1040	Installations	1	active	6	2	text	
1041	Installations	1	active	0	0	-	
1042	Sculptures	1	active	0	0	-	
1043	Home	1	active	4	3	text	
1044	Odonische Feuer	1	active	2	2	list,text	
1045	Bio (Kopie 1)	254	hidden	0	0	-	tt_news=55
1046	Wacken Skull	1	active	2	2	list,text	
1047	Wacken Bull 	1	active	2	2	list,text	
1048	Bird Sculptures - test	1	hidden	5	5	list,text	
1049	- possibilities - 	1	hidden	5	4	text	
1050	The Birds	1	active	2	2	text	
1051	Tube Ghosts	1	active	2	2	list,text	
1052	Sisyphos Gate	1	active	2	2	list,text	
1053	The Fifth Estate	1	active	2	2	list,text	
1054	Destroy HIV	1	active	9	3	list,text	
1055	Sculptures	1	hidden	8	2	text	
1056	The Sea Monster	1	active	2	2	list,text	
1057	Lionfish Door	1	active	2	2	list,text	
1058	Gong Trophy	1	active	2	2	list,text	
1059	Apocalyptic Fence	1	active	2	2	list,text	
1060	Die Weglampen 2015	1	deleted	2	0	-	
1061	Nova Two	1	active	2	2	list,text	
1062	Bill Parooka	1	active	2	2	list,text	
1063	Die Weglampen 	1	active	2	2	list,text	
1064	The Helixes	1	active	9	3	list,text	
1065	Datenschutz	1	active	2	2	text	
1066	Datenschutz	1	active	2	2	text	
1067	Alberto	1	active	2	2	list,text	
1068	Portraits	1	active	2	1	text	
1069	Bernhard	1	active	2	2	list,text	
1070	Käthe	1	active	2	2	list,text	
1071	The Wolf	1	active	2	2	list,text	
1072	Flower Power	1	active	2	2	list,text	
1073	Affenbande	1	active	4	2	list,text	
1074	Blumenwolke	1	active	2	2	list,text	
1075	bio timeline	1	hidden	4	4	list,text	
1076	Schiffszimmer	1	active	2	2	list,text	
1077	Hinwil	1	active	4	2	list,text	
1078	Metal Group XIX	1	active	3	2	text	
1079	sennhof	1	deleted	4	0	-	
1080	Hafenszene	1	active	4	2	list,text	
