sha256	copies	bytes_each	wasted_bytes	source	locations
0337bb4db7d8811579b42d75b596673373014471535a6653d7c0ca1059447746	6	750366	3751830	fileadmin/s-maj/images/BilderMaja/2008juraBird/head2.jpg	hidden/sculptural-work/recent-sculptures/head2.jpg | hidden/sculptural-work/jurabird/head2.jpg | hidden/sculptural-work/sculptures/head2.jpg | hidden/sculptural-work/installations/head2.jpg | hidden/sculptural-work/bird-sculptures-test/head2.jpg | hidden/recent-work/sculptures/head2.jpg
7231303336561d93d17c9bb1db5d7afe0bcb2f8d775eb99b2e68d4f56716fac8	6	731948	3659740	fileadmin/s-maj/images/BilderMaja/2008juraBird/head1.jpg	hidden/sculptural-work/recent-sculptures/head1.jpg | hidden/sculptural-work/jurabird/head1.jpg | hidden/sculptural-work/sculptures/head1.jpg | hidden/sculptural-work/installations/head1.jpg | hidden/sculptural-work/bird-sculptures-test/head1.jpg | hidden/recent-work/sculptures/head1.jpg
2cca5265322c2ad87c3e595eb7a91f87805b24a92180f3cb9e5577da287c6edf	6	604807	3024035	fileadmin/s-maj/images/BilderMaja/2008juraBird/bird2.jpg	hidden/sculptural-work/recent-sculptures/bird2.jpg | hidden/sculptural-work/jurabird/bird2.jpg | hidden/sculptural-work/sculptures/bird2.jpg | hidden/sculptural-work/installations/bird2.jpg | hidden/sculptural-work/bird-sculptures-test/bird2.jpg | hidden/recent-work/sculptures/bird2.jpg
8008376e5b99d3a269bd4c483ee60288a727db1d65be0f699cefe625962163f5	6	522178	2610890	fileadmin/s-maj/images/BilderMaja/2008juraBird/bird1.jpg	hidden/sculptural-work/recent-sculptures/bird1.jpg | hidden/sculptural-work/jurabird/bird1.jpg | hidden/sculptural-work/sculptures/bird1.jpg | hidden/sculptural-work/installations/bird1.jpg | hidden/sculptural-work/bird-sculptures-test/bird1.jpg | hidden/recent-work/sculptures/bird1.jpg
53d84447a8185331f8d696d7f79c257f2d2a1120589064bf3ff144b4895666ac	6	435803	2179015	fileadmin/s-maj/images/BilderMaja/2008juraBird/downunder.jpg	hidden/sculptural-work/recent-sculptures/downunder.jpg | hidden/sculptural-work/jurabird/downunder.jpg | hidden/sculptural-work/sculptures/downunder.jpg | hidden/sculptural-work/installations/downunder.jpg | hidden/sculptural-work/bird-sculptures-test/downunder.jpg | hidden/recent-work/sculptures/downunder.jpg
5188bc0dee623685e41aa4f3e3ae9bfafd79ee0278cac5a03e93e1ddf45c854c	6	385119	1925595	fileadmin/s-maj/images/BilderMaja/2008juraBird/kraehe.jpg	hidden/sculptural-work/recent-sculptures/kraehe.jpg | hidden/sculptural-work/jurabird/kraehe.jpg | hidden/sculptural-work/sculptures/kraehe.jpg | hidden/sculptural-work/installations/kraehe.jpg | hidden/sculptural-work/bird-sculptures-test/kraehe.jpg | hidden/recent-work/sculptures/kraehe.jpg
93e46b15c2adad04843b045d314d49885105240f95ecaa62927f9068f06ed8e0	5	803878	3215512	fileadmin/s-maj/images/BilderMaja/2008soldierErico/soldier.jpg	hidden/sculptural-work/recent-sculptures/soldier.jpg | live/sculptural-work/soldier/soldier.jpg | hidden/sculptural-work/sculptures/soldier.jpg | hidden/sculptural-work/installations/soldier.jpg | hidden/recent-work/sculptures/soldier.jpg
b96456b50ced7a6e18156bad07d28215b6be0b8f9c523147d93149952ea7d9c3	5	757975	3031900	fileadmin/s-maj/images/BilderMaja/2008geier/jamon.JPG	hidden/sculptural-work/recent-sculptures/jamon.JPG | live/sculptural-work/vulture/jamon.JPG | hidden/sculptural-work/sculptures/jamon.JPG | hidden/sculptural-work/installations/jamon.JPG | hidden/recent-work/sculptures/jamon.JPG
35fb5726dfd6d62ac5d4f7d513fd052355c73cd930de353897deefde66364e4b	5	716775	2867100	fileadmin/s-maj/images/BilderMaja/2008soldierErico/shield1.JPG	hidden/sculptural-work/recent-sculptures/shield1.JPG | live/sculptural-work/soldier/shield1.JPG | hidden/sculptural-work/sculptures/shield1.JPG | hidden/sculptural-work/installations/shield1.JPG | hidden/recent-work/sculptures/shield1.JPG
9dc07a504c35f742baf9e0bb9f2f05334372f253afc38ca7cfab0c437024cdab	5	696874	2787496	fileadmin/s-maj/images/BilderMaja/2008soldierErico/shield.jpg	hidden/sculptural-work/recent-sculptures/shield.jpg | live/sculptural-work/soldier/shield.jpg | hidden/sculptural-work/sculptures/shield.jpg | hidden/sculptural-work/installations/shield.jpg | hidden/recent-work/sculptures/shield.jpg
ad550923aebf8f5b8fd21062fee3dc238576181fda4c89cf398769db6f93f6e4	5	676743	2706972	fileadmin/s-maj/images/BilderMaja/2008geier/geierDrin.jpg	hidden/sculptural-work/recent-sculptures/geierDrin.jpg | live/sculptural-work/vulture/geierDrin.jpg | hidden/sculptural-work/sculptures/geierDrin.jpg | hidden/sculptural-work/installations/geierDrin.jpg | hidden/recent-work/sculptures/geierDrin.jpg
8c0ae64da3ad5573668986929f571c250ea733198d57f488036611b6be97a3e3	5	653159	2612636	fileadmin/s-maj/images/BilderMaja/2008soldierErico/soldier4.jpg	hidden/sculptural-work/recent-sculptures/soldier4.jpg | live/sculptural-work/soldier/soldier4.jpg | hidden/sculptural-work/sculptures/soldier4.jpg | hidden/sculptural-work/installations/soldier4.jpg | hidden/recent-work/sculptures/soldier4.jpg
fa4fe307483a85845544873d8200887d587a48829e376c8a5c787ace7c47dfb2	5	620674	2482696	fileadmin/s-maj/images/BilderMaja/2008soldierErico/soldier3.jpg	hidden/sculptural-work/recent-sculptures/soldier3.jpg | live/sculptural-work/soldier/soldier3.jpg | hidden/sculptural-work/sculptures/soldier3.jpg | hidden/sculptural-work/installations/soldier3.jpg | hidden/recent-work/sculptures/soldier3.jpg
c53715ef2e4276ead2510e82eec3fe42d100c1f51f9b53d07da45fa9d6807754	5	601690	2406760	fileadmin/s-maj/images/BilderMaja/2008geier/geierDrin1.jpg	hidden/sculptural-work/recent-sculptures/geierDrin1.jpg | live/sculptural-work/vulture/geierDrin1.jpg | hidden/sculptural-work/sculptures/geierDrin1.jpg | hidden/sculptural-work/installations/geierDrin1.jpg | hidden/recent-work/sculptures/geierDrin1.jpg
ffa5f6d06adde1250fe07bde70b79d230f3fe098e8d91d5c180fc91b149886cd	5	580153	2320612	fileadmin/s-maj/images/BilderMaja/2008geier/cv1.JPG	hidden/sculptural-work/recent-sculptures/cv1.JPG | live/sculptural-work/vulture/cv1.JPG | hidden/sculptural-work/sculptures/cv1.JPG | hidden/sculptural-work/installations/cv1.JPG | hidden/recent-work/sculptures/cv1.JPG
9e06c84e979fa3522e3ed76cdc3d07e0806955a4113e7a740a64453ae6950df6	5	577480	2309920	fileadmin/s-maj/images/BilderMaja/2008geier/vulturebackshot.JPG	hidden/sculptural-work/recent-sculptures/vulturebackshot.JPG | live/sculptural-work/vulture/vulturebackshot.JPG | hidden/sculptural-work/sculptures/vulturebackshot.JPG | hidden/sculptural-work/installations/vulturebackshot.JPG | hidden/recent-work/sculptures/vulturebackshot.JPG
e07985a311543d2785e03a3e2bea01dbd7f7c6024bff3538f2013ac03c5a14a5	5	556953	2227812	fileadmin/s-maj/images/BilderMaja/2022_Affenbande/P1040435_2.jpg	hidden/sculptural-work/affenbande/P1040435_2.jpg | live/sculptural-work/affenbande/P1040435_2.jpg | hidden/sculptural-work/hinwil/P1040435_2.jpg | deleted/sculptural-work/sennhof/P1040435_2.jpg | hidden/sculptural-work/hafenszene/P1040435_2.jpg
4e00ad22bea88e1f77e99fd1671c567a170a42011f0eaf7ef5143d4041b38706	5	533824	2135296	fileadmin/s-maj/images/BilderMaja/2008geier/vultureonbg.JPG	hidden/sculptural-work/recent-sculptures/vultureonbg.JPG | live/sculptural-work/vulture/vultureonbg.JPG | hidden/sculptural-work/sculptures/vultureonbg.JPG | hidden/sculptural-work/installations/vultureonbg.JPG | hidden/recent-work/sculptures/vultureonbg.JPG
d7b8c9ea513d394d581a75a9cb6c6076788caa13a870b29e009b5d1b920aa9ad	5	494082	1976328	fileadmin/s-maj/images/BilderMaja/2008geier/geier1.jpg	hidden/sculptural-work/recent-sculptures/geier1.jpg | live/sculptural-work/vulture/geier1.jpg | hidden/sculptural-work/sculptures/geier1.jpg | hidden/sculptural-work/installations/geier1.jpg | hidden/recent-work/sculptures/geier1.jpg
60cc0f764eca6c8771d8186272725da4c6a96ebd4cc5c8c8a2ed0402bfd58184	5	477790	1911160	fileadmin/s-maj/images/BilderMaja/2022_Affenbande/P1040438_2.jpg	hidden/sculptural-work/affenbande/P1040438_2.jpg | live/sculptural-work/affenbande/P1040438_2.jpg | hidden/sculptural-work/hinwil/P1040438_2.jpg | deleted/sculptural-work/sennhof/P1040438_2.jpg | hidden/sculptural-work/hafenszene/P1040438_2.jpg
c93dda818979dc71573c8ad4e8530f4a945165c7d84483656b8c8273d5ed23a6	5	439497	1757988	fileadmin/s-maj/images/BilderMaja/2008soldierErico/soldier2.jpg	hidden/sculptural-work/recent-sculptures/soldier2.jpg | live/sculptural-work/soldier/soldier2.jpg | hidden/sculptural-work/sculptures/soldier2.jpg | hidden/sculptural-work/installations/soldier2.jpg | hidden/recent-work/sculptures/soldier2.jpg
14fcdda738c310c7a95ff972f7e5c41e8c5a1b18b1a221e6d72a37a9ccaa82e4	5	363769	1455076	fileadmin/s-maj/images/BilderMaja/2008soldierErico/soldier5.jpg	hidden/sculptural-work/recent-sculptures/soldier5.jpg | live/sculptural-work/soldier/soldier5.jpg | hidden/sculptural-work/sculptures/soldier5.jpg | hidden/sculptural-work/installations/soldier5.jpg | hidden/recent-work/sculptures/soldier5.jpg
0910d256fba3c6f71cfc5b47ed6987f5431276cdaa448d2d24e8817e9c108007	5	340389	1361556	fileadmin/s-maj/images/BilderMaja/2020_Affenhorde/affe_s_-31.jpg	hidden/sculptural-work/hinwil/affe_s_-31.jpg | live/sculptural-work/affenbande/affe_s_-31.jpg | hidden/sculptural-work/affenbande/affe_s_-31.jpg | deleted/sculptural-work/sennhof/affe_s_-31.jpg | hidden/sculptural-work/hafenszene/affe_s_-31.jpg
209a3d5aa967ea35915da010a8749888c08872143ef6fc7165a3529e6660055b	5	329864	1319456	fileadmin/s-maj/images/BilderMaja/2022_Affenbande/IMG_1351.jpg	live/sculptural-work/affenbande/IMG_1351.jpg | hidden/sculptural-work/affenbande/IMG_1351.jpg | hidden/sculptural-work/hinwil/IMG_1351.jpg | deleted/sculptural-work/sennhof/IMG_1351.jpg | hidden/sculptural-work/hafenszene/IMG_1351.jpg
d410780ebf37306d7ed868706a3304b3bb2009eb83d078b541a7df0219bd2d9f	5	317772	1271088	fileadmin/s-maj/images/BilderMaja/2008geier/geierSW.jpg	hidden/sculptural-work/recent-sculptures/geierSW.jpg | live/sculptural-work/vulture/geierSW.jpg | hidden/sculptural-work/sculptures/geierSW.jpg | hidden/sculptural-work/installations/geierSW.jpg | hidden/recent-work/sculptures/geierSW.jpg
5b27673d8ff78395f143ccd6d0b96ffcd1192b7f82d5971904ce25c194e31032	5	317656	1270624	fileadmin/s-maj/images/BilderMaja/2008soldierErico/head4.jpg	hidden/sculptural-work/recent-sculptures/head4.jpg | live/sculptural-work/soldier/head4.jpg | hidden/sculptural-work/sculptures/head4.jpg | hidden/sculptural-work/installations/head4.jpg | hidden/recent-work/sculptures/head4.jpg
49666998f2cab43475ceb9200c76299a69c46e90293e25efac13a7817476fbde	5	317582	1270328	fileadmin/s-maj/images/BilderMaja/2020_Affenhorde/affe_s_-35.jpg	live/sculptural-work/affenbande/affe_s_-35.jpg | hidden/sculptural-work/affenbande/affe_s_-35.jpg | hidden/sculptural-work/hinwil/affe_s_-35.jpg | deleted/sculptural-work/sennhof/affe_s_-35.jpg | hidden/sculptural-work/hafenszene/affe_s_-35.jpg
576a251adcd21d744acaf438b7c5bebf20fa992c1d8687e12dbac9c3fdcd90b0	5	303713	1214852	fileadmin/s-maj/images/BilderMaja/2008soldierErico/head5.jpg	hidden/sculptural-work/recent-sculptures/head5.jpg | hidden/sculptural-work/sculptures/head5.jpg | live/sculptural-work/soldier/head5.jpg | hidden/sculptural-work/installations/head5.jpg | hidden/recent-work/sculptures/head5.jpg
f128940a3c5856452893e278da867a7b73d90809d44a48e924bc4ba2cfb94883	5	290487	1161948	fileadmin/s-maj/images/BilderMaja/2008soldierErico/head3.jpg	hidden/sculptural-work/recent-sculptures/head3.jpg | live/sculptural-work/soldier/head3.jpg | hidden/sculptural-work/sculptures/head3.jpg | hidden/sculptural-work/installations/head3.jpg | hidden/recent-work/sculptures/head3.jpg
c09805c3f381628cd8418f45a3af4f71b83e3d193cfd2f053f25409d02a6cfde	5	289926	1159704	fileadmin/s-maj/images/BilderMaja/2020_Affenhorde/Rauschen_statt_Lauschen_Flyer.jpeg	live/sculptural-work/affenbande/Rauschen_statt_Lauschen_Flyer.jpeg | hidden/sculptural-work/affenbande/Rauschen_statt_Lauschen_Flyer.jpeg | hidden/sculptural-work/hinwil/Rauschen_statt_Lauschen_Flyer.jpeg | deleted/sculptural-work/sennhof/Rauschen_statt_Lauschen_Flyer.jpeg | hidden/sculptural-work/hafenszene/Rauschen_statt_Lauschen_Flyer.jpeg
a5ebd5dd3123b5c85b8d78170b6bda94e2efaad6e206130b5d72d79c1037474f	5	277833	1111332	fileadmin/s-maj/images/BilderMaja/2008soldierErico/headf1.jpg	hidden/sculptural-work/recent-sculptures/headf1.jpg | live/sculptural-work/soldier/headf1.jpg | hidden/sculptural-work/sculptures/headf1.jpg | hidden/sculptural-work/installations/headf1.jpg | hidden/recent-work/sculptures/headf1.jpg
c668f7260a13f24224410e89cc5e9cc0b146ce14b520319b15ec32e7841ac4f7	5	257727	1030908	fileadmin/s-maj/images/BilderMaja/2008soldierErico/headf3.jpg	hidden/sculptural-work/recent-sculptures/headf3.jpg | live/sculptural-work/soldier/headf3.jpg | hidden/sculptural-work/sculptures/headf3.jpg | hidden/sculptural-work/installations/headf3.jpg | hidden/recent-work/sculptures/headf3.jpg
d068ca2f6036d416529492c068d49cda3ac1bff402fe5e94cc79aedfa53b8032	5	235426	941704	fileadmin/s-maj/images/BilderMaja/2008soldierErico/headf6.jpg	hidden/sculptural-work/recent-sculptures/headf6.jpg | live/sculptural-work/soldier/headf6.jpg | hidden/sculptural-work/sculptures/headf6.jpg | hidden/sculptural-work/installations/headf6.jpg | hidden/recent-work/sculptures/headf6.jpg
282af9100346f8596d0ebedaf4d908c0375972e6dc0c0bbfcd74ac3b1d6ff3ee	5	224606	898424	fileadmin/s-maj/images/BilderMaja/2008soldierErico/headf5.jpg	hidden/sculptural-work/recent-sculptures/headf5.jpg | live/sculptural-work/soldier/headf5.jpg | hidden/sculptural-work/sculptures/headf5.jpg | hidden/sculptural-work/installations/headf5.jpg | hidden/recent-work/sculptures/headf5.jpg
e444d58ca54f2a51d504a8e3b09d4d8215603f75b63a8583d644b9c23403777a	5	212396	849584	fileadmin/s-maj/images/BilderMaja/2020_Affenhorde/affe_s_-6.JPG	live/sculptural-work/affenbande/affe_s_-6.JPG | hidden/sculptural-work/affenbande/affe_s_-6.JPG | hidden/sculptural-work/hinwil/affe_s_-6.JPG | deleted/sculptural-work/sennhof/affe_s_-6.JPG | hidden/sculptural-work/hafenszene/affe_s_-6.JPG
476f38016b925df3be210267f1dc49496b03ab716ded60db2fbe5a359840c23c	5	193763	775052	fileadmin/s-maj/images/BilderMaja/2020_Affenhorde/affe_s_-1.jpg	hidden/sculptural-work/hinwil/affe_s_-1.jpg | live/sculptural-work/affenbande/affe_s_-1.jpg | hidden/sculptural-work/affenbande/affe_s_-1.jpg | deleted/sculptural-work/sennhof/affe_s_-1.jpg | hidden/sculptural-work/hafenszene/affe_s_-1.jpg
43da111c827c66a19638368a14c4e2b2b5f9b1a7f59d08f28f973facee1708e3	5	173057	692228	fileadmin/s-maj/images/BilderMaja/2020_Affenhorde/affe_s_-32.jpg	live/sculptural-work/affenbande/affe_s_-32.jpg | hidden/sculptural-work/affenbande/affe_s_-32.jpg | hidden/sculptural-work/hinwil/affe_s_-32.jpg | deleted/sculptural-work/sennhof/affe_s_-32.jpg | hidden/sculptural-work/hafenszene/affe_s_-32.jpg
a6eef1f786652e7e260c0cf4451142a94baa2d28e2784a6ffd1d41092f40f5c6	5	150959	603836	fileadmin/s-maj/images/BilderMaja/2020_Affenhorde/affe_s_-4.JPG	hidden/sculptural-work/affenbande/affe_s_-4.JPG | live/sculptural-work/affenbande/affe_s_-4.JPG | hidden/sculptural-work/hinwil/affe_s_-4.JPG | deleted/sculptural-work/sennhof/affe_s_-4.JPG | hidden/sculptural-work/hafenszene/affe_s_-4.JPG
b5f602ca1aeadd7dbf49f2afc8f1760f15d9ffc60a80caa0b8570d8c508dd76d	5	116880	467520	fileadmin/s-maj/images/BilderMaja/2020_Affenhorde/affe_s_-24.jpg	hidden/sculptural-work/hinwil/affe_s_-24.jpg | live/sculptural-work/affenbande/affe_s_-24.jpg | hidden/sculptural-work/affenbande/affe_s_-24.jpg | deleted/sculptural-work/sennhof/affe_s_-24.jpg | hidden/sculptural-work/hafenszene/affe_s_-24.jpg
bd3c093cc449d98338bfb20a388a4a29b1d364e591b65cdc076d80d6cd854133	5	11347	45388	fileadmin/s-maj/images/page/flame2.gif	live/uncategorised/design-2/flame2.gif | hidden/sculptural-work/recent-sculptures/flame2.gif | hidden/sculptural-work/sculptures/flame2.gif | hidden/sculptural-work/installations/flame2.gif | hidden/recent-work/sculptures/flame2.gif
d2772df1544b5aa89646e3bf36e6d8642a6a8a91cd32f8060871858ff6962fb7	4	793919	2381757	fileadmin/s-pf/images/Show/Badewanne_brennt.jpg	live/other-sites/pyrofessor/Badewanne_brennt.jpg | live/other-sites/pyrofessor/Badewanne_brennt.jpg | live/other-sites/unknown/Badewanne_brennt.jpg | live/other-sites/pyrofessor/Badewanne_brennt.jpg
a427972f768f22a139defdc49b24aaab72638e0c7715228bb2df6316d67c9f36	4	701346	2104038	fileadmin/s-maj/images/BilderMaja/2008juraBird/birdsHome.jpg	hidden/sculptural-work/recent-sculptures/birdsHome.jpg | hidden/sculptural-work/sculptures/birdsHome.jpg | hidden/sculptural-work/installations/birdsHome.jpg | hidden/recent-work/sculptures/birdsHome.jpg
d221b3476cd7d3f6c6a1fd1f1d5a1a6251483509c61f8449a50789c5afdf69cb	4	646715	1940145	fileadmin/s-maj/images/BilderMaja/2008juraBird/feet.jpg	hidden/sculptural-work/recent-sculptures/feet.jpg | hidden/sculptural-work/sculptures/feet.jpg | hidden/sculptural-work/installations/feet.jpg | hidden/recent-work/sculptures/feet.jpg
20288c719c23d0861ef10b69e6a2a1385998e00649e8857582bcbdb422e543c1	4	506350	1519050	fileadmin/s-maj/images/BilderMaja/2022_Affenbande/P1040425_2.jpg	hidden/sculptural-work/affenbande/P1040425_2.jpg | hidden/sculptural-work/hinwil/P1040425_2.jpg | deleted/sculptural-work/sennhof/P1040425_2.jpg | hidden/sculptural-work/hafenszene/P1040425_2.jpg
93b935ea86ed0aa85157e7075b62279f173ad53633ebbc225ac853c00da0b2bf	4	500204	1500612	fileadmin/s-maj/images/BilderMaja/1995EurokotXiX/eisen2.jpg	live/event-organisation/eurokot/eisen2.jpg | hidden/sculptural-work/xix/eisen2.jpg | live/sculptural-work/iron-channel/eisen2.jpg | hidden/collaborations/metal-group-xix/eisen2.jpg
e1b6513a60cac13ba047339ae7c60810fb0173553e31330a4b5eb4f0a66efbe3	4	437354	1312062	fileadmin/s-maj/images/BilderMaja/2008juraBird/vogelSW.jpg	hidden/sculptural-work/recent-sculptures/vogelSW.jpg | hidden/sculptural-work/sculptures/vogelSW.jpg | hidden/sculptural-work/installations/vogelSW.jpg | hidden/recent-work/sculptures/vogelSW.jpg
cb842e84a71c4f539a76b27a1cb4876a89043e807a1f6eb79c50f19a33e50701	4	366133	1098399	fileadmin/s-maj/images/BilderMaja/2022_Affenbande/IMG_2561.jpg	hidden/sculptural-work/affenbande/IMG_2561.jpg | hidden/sculptural-work/hinwil/IMG_2561.jpg | deleted/sculptural-work/sennhof/IMG_2561.jpg | hidden/sculptural-work/hafenszene/IMG_2561.jpg
b1f7a2e8f7f452bb56c90117915f61b49d97c0375749303a4f8967709f6bf8cc	4	354980	1064940	fileadmin/s-maj/images/BilderMaja/2020_Affenhorde/affe_s_-33.jpg	hidden/sculptural-work/affenbande/affe_s_-33.jpg | hidden/sculptural-work/hinwil/affe_s_-33.jpg | deleted/sculptural-work/sennhof/affe_s_-33.jpg | hidden/sculptural-work/hafenszene/affe_s_-33.jpg
45e251d0dff41db19241ec2ead6619b6930f4e14694dc8aa9ef74671cdc882e7	4	346659	1039977	fileadmin/s-maj/images/BilderMaja/2022_Affenbande/IMG_2562_1.jpg	hidden/sculptural-work/affenbande/IMG_2562_1.jpg | hidden/sculptural-work/hinwil/IMG_2562_1.jpg | deleted/sculptural-work/sennhof/IMG_2562_1.jpg | hidden/sculptural-work/hafenszene/IMG_2562_1.jpg
43f0a43390b3493acdf4881a5a627556899b969a1f65e4eb11bb0e23f47a637a	4	340521	1021563	fileadmin/s-maj/images/BilderMaja/2022_Affenbande/IMG_2563_2.jpg	hidden/sculptural-work/affenbande/IMG_2563_2.jpg | hidden/sculptural-work/hinwil/IMG_2563_2.jpg | deleted/sculptural-work/sennhof/IMG_2563_2.jpg | hidden/sculptural-work/hafenszene/IMG_2563_2.jpg
7369373bce95cbb2e80aa9b1cd4c2a2f49066806842d799f98b65387c9364b33	4	337744	1013232	fileadmin/s-maj/images/BilderMaja/2020_Affenhorde/affe_s_-23.jpg	hidden/sculptural-work/hinwil/affe_s_-23.jpg | hidden/sculptural-work/affenbande/affe_s_-23.jpg | deleted/sculptural-work/sennhof/affe_s_-23.jpg | hidden/sculptural-work/hafenszene/affe_s_-23.jpg
09ed08171e7b1bca8bf026fc463911d45cb2aff29f89f8819037a866e50d3d85	4	316423	949269	fileadmin/s-maj/images/BilderMaja/2020_Affenhorde/affe_s_-22.jpg	hidden/sculptural-work/hinwil/affe_s_-22.jpg | hidden/sculptural-work/affenbande/affe_s_-22.jpg | deleted/sculptural-work/sennhof/affe_s_-22.jpg | hidden/sculptural-work/hafenszene/affe_s_-22.jpg
7b1558b2a2d346d52b1ad54c4ed4172f8ece3dea00f5e6d59def9e522b697326	4	299835	899505	fileadmin/s-maj/images/BilderMaja/2022_Affenbande/IMG_2566.jpg	hidden/sculptural-work/affenbande/IMG_2566.jpg | hidden/sculptural-work/hinwil/IMG_2566.jpg | deleted/sculptural-work/sennhof/IMG_2566.jpg | hidden/sculptural-work/hafenszene/IMG_2566.jpg
a51012210e16524f078472f812a0695309681ce6060e55a44f335030e91a06a0	4	288744	866232	fileadmin/s-maj/images/BilderMaja/2022_Affenbande/P1040416_2.jpg	hidden/sculptural-work/affenbande/P1040416_2.jpg | hidden/sculptural-work/hinwil/P1040416_2.jpg | deleted/sculptural-work/sennhof/P1040416_2.jpg | hidden/sculptural-work/hafenszene/P1040416_2.jpg
6eb75ecf03233ab3ddb81576f952ac30d3ac56bb3cc3bc16830f378b01634b7d	4	283819	851457	fileadmin/s-maj/images/BilderMaja/1996EurokonXiX/nailedliegend.jpg	hidden/sculptural-work/xix/nailedliegend.jpg | live/event-organisation/eurokon/nailedliegend.jpg | live/sculptural-work/nailed-tanks/nailedliegend.jpg | hidden/collaborations/metal-group-xix/nailedliegend.jpg
591547be4e06e39969de1e62fd37576a8563f339c86d801f8e66983d7d913c28	4	236774	710322	fileadmin/s-maj/images/BilderMaja/1995EurokotXiX/eurokot15.jpg	hidden/sculptural-work/xix/eurokot15.jpg | live/event-organisation/eurokot/eurokot15.jpg | live/sculptural-work/iron-channel/eurokot15.jpg | hidden/collaborations/metal-group-xix/eurokot15.jpg
0af21a8033dcf32165bb4cb0550c1de1756b4272bf522bd78af53dfe3cafba70	4	227713	683139	fileadmin/s-maj/images/BilderMaja/2020_Affenhorde/affe_s_-27.jpg	hidden/sculptural-work/affenbande/affe_s_-27.jpg | hidden/sculptural-work/hinwil/affe_s_-27.jpg | deleted/sculptural-work/sennhof/affe_s_-27.jpg | hidden/sculptural-work/hafenszene/affe_s_-27.jpg
e6e02913d44415ff347bd4121377117ccbef855b58ac82f28321f3989aed0292	4	200542	601626	fileadmin/s-maj/images/BilderMaja/2020_Affenhorde/affe_s_-26.JPG	hidden/sculptural-work/affenbande/affe_s_-26.JPG | hidden/sculptural-work/hinwil/affe_s_-26.JPG | deleted/sculptural-work/sennhof/affe_s_-26.JPG | hidden/sculptural-work/hafenszene/affe_s_-26.JPG
145c2bad2b44a5dcdd43ac0d9440e63a4acb36252601ec56983a45419e22ad75	4	193021	579063	fileadmin/s-maj/images/BilderMaja/2020_Affenhorde/affe_s_-25.JPG	hidden/sculptural-work/affenbande/affe_s_-25.JPG | hidden/sculptural-work/hinwil/affe_s_-25.JPG | deleted/sculptural-work/sennhof/affe_s_-25.JPG | hidden/sculptural-work/hafenszene/affe_s_-25.JPG
f09a3daccc13c3024ca42e7e35dbd3d1b493bab251a0bd23c29f1b20c93a9824	4	191251	573753	fileadmin/s-maj/images/BilderMaja/2020_Affenhorde/affe_s_-34.jpg	hidden/sculptural-work/affenbande/affe_s_-34.jpg | hidden/sculptural-work/hinwil/affe_s_-34.jpg | deleted/sculptural-work/sennhof/affe_s_-34.jpg | hidden/sculptural-work/hafenszene/affe_s_-34.jpg
6c4d3c690c5e4dc039b8305692c51480f44d45fd47bb49b98cab8ff9d128d58d	4	187547	562641	fileadmin/s-maj/images/BilderMaja/1995EurokotXiX/eurokot38.jpg	hidden/sculptural-work/xix/eurokot38.jpg | live/event-organisation/eurokot/eurokot38.jpg | live/sculptural-work/iron-channel/eurokot38.jpg | hidden/collaborations/metal-group-xix/eurokot38.jpg
010e425280853adab7cc03dfd6025f67dc6708e556efac13d3fae9a386391289	4	180113	540339	fileadmin/s-maj/images/BilderMaja/1996EurokonAllg/NovoExpo.jpg	live/event-organisation/eurokon/NovoExpo.jpg | hidden/sculptural-work/xix/NovoExpo.jpg | live/sculptural-work/eagle/NovoExpo.jpg | hidden/collaborations/metal-group-xix/NovoExpo.jpg
b48f9af80c241039b2e1a01b0b189f574edf1f177bed2acf10b2b8e2be168b1d	4	178441	535323	fileadmin/s-maj/images/BilderMaja/2020_Affenhorde/affe_s_-29.JPG	hidden/sculptural-work/affenbande/affe_s_-29.JPG | hidden/sculptural-work/hinwil/affe_s_-29.JPG | deleted/sculptural-work/sennhof/affe_s_-29.JPG | hidden/sculptural-work/hafenszene/affe_s_-29.JPG
79d3ce2e929d10ead91d9c8aae23246c6a45ba82265fd3d52c5441ebe7eb0028	4	177168	531504	fileadmin/s-maj/images/BilderMaja/1996EurokonXiX/nailedtank.jpg	hidden/sculptural-work/xix/nailedtank.jpg | live/event-organisation/eurokon/nailedtank.jpg | live/sculptural-work/nailed-tanks/nailedtank.jpg | hidden/collaborations/metal-group-xix/nailedtank.jpg
267c56e82fc73f2a297d330e21aba7c7c3c2bf14b4da31f444105fc23d87e528	4	166862	500586	fileadmin/s-maj/images/BilderMaja/1996EurokonXiX/nailedTanks2org.jpg	live/event-organisation/eurokon/nailedTanks2org.jpg | hidden/sculptural-work/xix/nailedTanks2org.jpg | live/sculptural-work/nailed-tanks/nailedTanks2org.jpg | hidden/collaborations/metal-group-xix/nailedTanks2org.jpg
d9772813d64ad56dd3f30730c88c97997bab03f82d32a02fc70aee705779f9d0	4	161390	484170	fileadmin/s-maj/images/BilderMaja/2020_Affenhorde/affe_s_-3.JPG	hidden/sculptural-work/affenbande/affe_s_-3.JPG | hidden/sculptural-work/hinwil/affe_s_-3.JPG | deleted/sculptural-work/sennhof/affe_s_-3.JPG | hidden/sculptural-work/hafenszene/affe_s_-3.JPG
6a973c86713630a1084fcae95fe20465f9b75d229d1add9deecf04bc4dfadd92	4	158315	474945	fileadmin/s-maj/images/BilderMaja/2020_Affenhorde/affe_s_-28.JPG	hidden/sculptural-work/affenbande/affe_s_-28.JPG | hidden/sculptural-work/hinwil/affe_s_-28.JPG | deleted/sculptural-work/sennhof/affe_s_-28.JPG | hidden/sculptural-work/hafenszene/affe_s_-28.JPG
221cc3e85507ca61c8284c15a250df2c01d4030789b2edfe91fdca87cc02245e	4	143531	430593	fileadmin/s-maj/images/BilderMaja/1995EurokotXiX/eurokot4.jpg	hidden/sculptural-work/xix/eurokot4.jpg | live/event-organisation/eurokot/eurokot4.jpg | live/sculptural-work/iron-channel/eurokot4.jpg | hidden/collaborations/metal-group-xix/eurokot4.jpg
2e6ae73ac55ff92a21879ee2c7d1d8051da99ad68bc24c429f5059ca3da4a727	4	131756	395268	fileadmin/s-maj/images/BilderMaja/1995EurokotXiX/eurokot5.jpg	live/event-organisation/eurokot/eurokot5.jpg | hidden/sculptural-work/xix/eurokot5.jpg | live/sculptural-work/iron-channel/eurokot5.jpg | hidden/collaborations/metal-group-xix/eurokot5.jpg
1de10de408f812437324501827286cabbb30e360c4c110ec4ce47ff959991a75	4	130063	390189	fileadmin/s-maj/images/BilderMaja/2020_Affenhorde/affe_s_-2.jpg	hidden/sculptural-work/hinwil/affe_s_-2.jpg | hidden/sculptural-work/affenbande/affe_s_-2.jpg | deleted/sculptural-work/sennhof/affe_s_-2.jpg | hidden/sculptural-work/hafenszene/affe_s_-2.jpg
f97ec352edbc605f6545ae8576f52a38fdb81a80bc00cf3ac25bc9b2a0b7ce47	4	125381	376143	fileadmin/s-maj/images/BilderMaja/1996EurokonXiX/1Eagle.jpg	live/event-organisation/eurokon/1Eagle.jpg | hidden/sculptural-work/xix/1Eagle.jpg | live/sculptural-work/eagle/1Eagle.jpg | hidden/collaborations/metal-group-xix/1Eagle.jpg
8454e129c7fe74c5b3b7ef662d5f4bec6a416078ece1120a45097a9636d1215f	4	108327	324981	fileadmin/s-maj/images/BilderMaja/1995EurokotXiX/eisen4.jpg	live/event-organisation/eurokot/eisen4.jpg | hidden/sculptural-work/xix/eisen4.jpg | live/sculptural-work/iron-channel/eisen4.jpg | hidden/collaborations/metal-group-xix/eisen4.jpg
965cce1f8bf1015adddc3b0e9a23e692affa720e59a4ff6f0906667f2cf7f924	3	1017615	2035230	fileadmin/s-maj/images/BilderMaja/1997Xix/sennhofbar1.jpg	hidden/sculptural-work/xix/sennhofbar1.jpg | live/sculptural-work/17-ton-bar/sennhofbar1.jpg | hidden/collaborations/metal-group-xix/sennhofbar1.jpg
c070358abeb386057ea88cfd54c9dfe834de001cf8f11f309df0cf6a801f0c3b	3	583326	1166652	fileadmin/s-maj/images/BilderMaja/1995EurokotXiX/eisen3.jpg	hidden/sculptural-work/xix/eisen3.jpg | live/sculptural-work/iron-channel/eisen3.jpg | hidden/collaborations/metal-group-xix/eisen3.jpg
dd082f1c4913e7e30658d07c65750ea0cbdce336ba90f3585bd050135e68a10d	3	508388	1016776	fileadmin/s-maj/images/BilderMaja/1997Xix/sennhofbartotale.jpg	hidden/sculptural-work/xix/sennhofbartotale.jpg | live/sculptural-work/17-ton-bar/sennhofbartotale.jpg | hidden/collaborations/metal-group-xix/sennhofbartotale.jpg
abc6472c85b43b27f6e95a6967438b46253183c3e2f32014e96a263187246b62	3	296363	592726	fileadmin/s-maj/images/BilderMaja/1996EurokonXiX/adler1.jpg	hidden/sculptural-work/xix/adler1.jpg | live/sculptural-work/eagle/adler1.jpg | hidden/collaborations/metal-group-xix/adler1.jpg
9e663fa5507576a92f9bc3f9b9ae0f9acff1785859d508fa79c3befd1deb97ed	3	258232	516464	fileadmin/s-maj/images/BilderMaja/1997Xix/zoom2.jpg	hidden/sculptural-work/xix/zoom2.jpg | live/sculptural-work/17-ton-bar/zoom2.jpg | hidden/collaborations/metal-group-xix/zoom2.jpg
e8e3b011bcdb8a969d788108fb182dc8d27340736ca14a832f554efe0b9f8949	3	248063	496126	fileadmin/s-maj/images/BilderMaja/1997Xix/zoom10.jpg	hidden/sculptural-work/xix/zoom10.jpg | live/sculptural-work/17-ton-bar/zoom10.jpg | hidden/collaborations/metal-group-xix/zoom10.jpg
2971790ed43de55f3f197b05523fca3625b0d6f24280ea2a6230e730a94dd2ce	3	238244	476488	fileadmin/s-maj/images/BilderMaja/1997Xix/zoom4.jpg	hidden/sculptural-work/xix/zoom4.jpg | live/sculptural-work/17-ton-bar/zoom4.jpg | hidden/collaborations/metal-group-xix/zoom4.jpg
6d3029be12d0001e4a869911226939e2e518cf467089cd5e75689b8a08884580	3	230009	460018	fileadmin/s-maj/images/BilderMaja/1997Xix/zoom3.jpg	hidden/sculptural-work/xix/zoom3.jpg | live/sculptural-work/17-ton-bar/zoom3.jpg | hidden/collaborations/metal-group-xix/zoom3.jpg
f788b5a7a7906924fdbe4e281795a21f998555112a1cba552b3397424c5c9bdd	3	224746	449492	fileadmin/s-maj/images/BilderMaja/1997Xix/zoom7.jpg	hidden/sculptural-work/xix/zoom7.jpg | live/sculptural-work/17-ton-bar/zoom7.jpg | hidden/collaborations/metal-group-xix/zoom7.jpg
f2451a332a2e59fa2a92aa8fd944d18fe0ab1ba82362d35af58855de2e4f0563	3	219787	439574	fileadmin/s-maj/images/BilderMaja/1997Xix/zoom6.jpg	hidden/sculptural-work/xix/zoom6.jpg | live/sculptural-work/17-ton-bar/zoom6.jpg | hidden/collaborations/metal-group-xix/zoom6.jpg
817834361543e19968334277510ea1f1c803babedfdc753b30c83546f565e75b	3	210326	420652	fileadmin/s-maj/images/BilderMaja/1996EurokonXiX/4torso.jpg	hidden/sculptural-work/xix/4torso.jpg | live/sculptural-work/torso/4torso.jpg | hidden/collaborations/metal-group-xix/4torso.jpg
9e36663a471868b6eb57c650aa0de6166eebf21a2f89e3d3e7c65fb4e15a31b6	3	198184	396368	fileadmin/s-maj/images/BilderMaja/1997Xix/zoom5.jpg	hidden/sculptural-work/xix/zoom5.jpg | live/sculptural-work/17-ton-bar/zoom5.jpg | hidden/collaborations/metal-group-xix/zoom5.jpg
b272ad91c8cc93755c35ab8a9ec10e23d48661e16493b1e7c1215b07517a8a4f	3	196638	393276	fileadmin/s-maj/images/BilderMaja/1995EurokotXiX/eurokot8.jpg	hidden/sculptural-work/xix/eurokot8.jpg | live/sculptural-work/iron-channel/eurokot8.jpg | hidden/collaborations/metal-group-xix/eurokot8.jpg
77155e6b863e141b530f93062edebda55163d3704c93b5e607606948955a4055	3	189440	378880	fileadmin/s-maj/images/BilderMaja/1996EurokonXiX/novo2.jpg	hidden/sculptural-work/xix/novo2.jpg | live/sculptural-work/eagle/novo2.jpg | hidden/collaborations/metal-group-xix/novo2.jpg
b4e9e1619f405b51f154dc32a57cca3a0542c70fadcc97b0ee04305a38fb2985	3	178136	356272	fileadmin/s-maj/images/BilderMaja/1996EurokonXiX/nailedtanks3org.jpg	hidden/sculptural-work/xix/nailedtanks3org.jpg | live/sculptural-work/nailed-tanks/nailedtanks3org.jpg | hidden/collaborations/metal-group-xix/nailedtanks3org.jpg
372d86315ec5f61a529c54a1930f5536ebe5371e0f509b4af4994d74b3985737	3	177992	355984	fileadmin/s-maj/images/BilderMaja/1996EurokonXiX/nailedview.jpg	hidden/sculptural-work/xix/nailedview.jpg | live/sculptural-work/nailed-tanks/nailedview.jpg | hidden/collaborations/metal-group-xix/nailedview.jpg
1def522a438942cc39e509131f3e1a6ca0f5b7ba16ea42cd76ac2e49315c1148	3	176988	353976	fileadmin/s-maj/images/BilderMaja/1995EurokotXiX/eurokot6.jpg	hidden/sculptural-work/xix/eurokot6.jpg | live/sculptural-work/iron-channel/eurokot6.jpg | hidden/collaborations/metal-group-xix/eurokot6.jpg
1d2014f9e3af46f26c68652b6d0c04278cc20621b17150de66ed9416f1b40260	3	175359	350718	fileadmin/s-maj/images/BilderMaja/1996EurokonXiX/nailedtanks1org.jpg	hidden/sculptural-work/xix/nailedtanks1org.jpg | live/sculptural-work/nailed-tanks/nailedtanks1org.jpg | hidden/collaborations/metal-group-xix/nailedtanks1org.jpg
d980e00e0921806483e9eaf927ef434d3ba2648d81edd24212c0ec33d9eba9bf	3	172761	345522	fileadmin/s-maj/images/BilderMaja/1996EurokonXiX/11torso.jpg	hidden/sculptural-work/xix/11torso.jpg | live/sculptural-work/torso/11torso.jpg | hidden/collaborations/metal-group-xix/11torso.jpg
9377cd34834b74c435804128e01fe5ec02c9df5beea3af941198dec1b18243d2	3	168806	337612	fileadmin/s-maj/images/BilderMaja/1996EurokonXiX/arbeit.jpg	hidden/sculptural-work/xix/arbeit.jpg | live/sculptural-work/nailed-tanks/arbeit.jpg | hidden/collaborations/metal-group-xix/arbeit.jpg
fe2764ee47d3b044d9b0d44f419d9677e27026b45c808a175d9702891eef632f	3	165654	331308	fileadmin/s-maj/images/BilderMaja/1996EurokonXiX/8Torso.jpg	hidden/sculptural-work/xix/8Torso.jpg | live/sculptural-work/torso/8Torso.jpg | hidden/collaborations/metal-group-xix/8Torso.jpg
a96d81a89866567082478e979bc94c2b4ce2baa91a13d6808874e3215c9abb84	3	160679	321358	fileadmin/s-maj/images/BilderMaja/1995EurokotXiX/eurokot29_var.jpg	hidden/sculptural-work/xix/eurokot29_var.jpg | live/sculptural-work/iron-channel/eurokot29_var.jpg | hidden/collaborations/metal-group-xix/eurokot29_var.jpg
03ac7c0345b57864536e5e142b203a53906a57d4cef5cd615148cc6991352afe	3	147553	295106	fileadmin/s-maj/images/BilderMaja/1996EurokonXiX/ruadler.jpg	hidden/sculptural-work/xix/ruadler.jpg | live/sculptural-work/eagle/ruadler.jpg | hidden/collaborations/metal-group-xix/ruadler.jpg
2489d5a796ecf8f2021ba40dd7c082b587d069bc3d083576b9330a354ef17b60	3	143477	286954	fileadmin/s-maj/images/BilderMaja/1996EurokonXiX/6Torso.jpg	hidden/sculptural-work/xix/6Torso.jpg | live/sculptural-work/torso/6Torso.jpg | hidden/collaborations/metal-group-xix/6Torso.jpg
ad20b70242d57fe5ceb34ef9cf4ca813941b74943220664174495edb9a0ee3b6	3	141767	283534	fileadmin/s-maj/images/BilderMaja/1996EurokonXiX/7Torso.jpg	hidden/sculptural-work/xix/7Torso.jpg | live/sculptural-work/torso/7Torso.jpg | hidden/collaborations/metal-group-xix/7Torso.jpg
341c7a114084100dfb8459f9d595112f49dae0509dae6edbcffbcadfb9e96565	3	138445	276890	fileadmin/s-maj/images/BilderMaja/1996EurokonXiX/15torsokran.jpg	hidden/sculptural-work/xix/15torsokran.jpg | live/sculptural-work/torso/15torsokran.jpg | hidden/collaborations/metal-group-xix/15torsokran.jpg
3cd0214003fc6520ae358123d1d42eb67e02b606a2bacf7cce750a81540bce82	3	135657	271314	fileadmin/s-maj/images/BilderMaja/1995EurokotXiX/eisen7.jpg	hidden/sculptural-work/xix/eisen7.jpg | live/sculptural-work/iron-channel/eisen7.jpg | hidden/collaborations/metal-group-xix/eisen7.jpg
7112afcaaecce388d9bb531d3884097397b4d335d612a39f204e4de00f63145f	3	129453	258906	fileadmin/s-maj/images/BilderMaja/1996EurokonXiX/10Torso.jpg	hidden/sculptural-work/xix/10Torso.jpg | live/sculptural-work/torso/10Torso.jpg | hidden/collaborations/metal-group-xix/10Torso.jpg
3e41da31c3f79c94663e54c4a21ebb50b10b67a5738fd814ca74735ce4ace416	3	127294	254588	fileadmin/s-maj/images/BilderMaja/1995EurokotXiX/eisen6.jpg	hidden/sculptural-work/xix/eisen6.jpg | live/sculptural-work/iron-channel/eisen6.jpg | hidden/collaborations/metal-group-xix/eisen6.jpg
ca4f4a442fda8a98696feb8e81a28b4ebce3d00f2f1feba5ad5f77453eef4a1f	3	121449	242898	fileadmin/s-maj/images/BilderMaja/1996EurokonXiX/rumaschinenperf.jpg	hidden/sculptural-work/xix/rumaschinenperf.jpg | live/sculptural-work/torso/rumaschinenperf.jpg | hidden/collaborations/metal-group-xix/rumaschinenperf.jpg
d58bb48aee488140a2f47cb2c22f4cd98b87a58711ed64d6cd06185aadf9248c	3	114602	229204	fileadmin/s-maj/images/BilderMaja/1996EurokonXiX/NovoEagle.jpg	hidden/sculptural-work/xix/NovoEagle.jpg | live/sculptural-work/eagle/NovoEagle.jpg | hidden/collaborations/metal-group-xix/NovoEagle.jpg
d2d27c82fd4518487d47c6bdb1d9bc535c68ed034c451c108392009d1ebf7519	3	114157	228314	fileadmin/s-maj/images/BilderMaja/1996EurokonXiX/5Torso.jpg	hidden/sculptural-work/xix/5Torso.jpg | live/sculptural-work/torso/5Torso.jpg | hidden/collaborations/metal-group-xix/5Torso.jpg
3d31b1a5223eedcbae82c36a229bd29767931354e691c3672ef00e87c2dd8928	3	107231	214462	fileadmin/s-maj/images/BilderMaja/1997Xix/sennhof5sw.jpg	hidden/sculptural-work/xix/sennhof5sw.jpg | live/sculptural-work/17-ton-bar/sennhof5sw.jpg | hidden/collaborations/metal-group-xix/sennhof5sw.jpg
7d651b6de02d1e66d841ddc8a1e3d9f3f52a4cc6c00e7256dd924cc4650a352d	3	106649	213298	fileadmin/s-maj/images/BilderMaja/1997Xix/sennhof6s_w.jpg	hidden/sculptural-work/xix/sennhof6s_w.jpg | live/sculptural-work/17-ton-bar/sennhof6s_w.jpg | hidden/collaborations/metal-group-xix/sennhof6s_w.jpg
47dd4a24337f7a206a875bd9955e0f5a320287664b8efdfe3528fe3b003725f2	3	102747	205494	fileadmin/s-maj/images/BilderMaja/1997Xix/Sennhof2.jpg	hidden/sculptural-work/xix/Sennhof2.jpg | live/sculptural-work/17-ton-bar/Sennhof2.jpg | hidden/collaborations/metal-group-xix/Sennhof2.jpg
ca28372136a62d84ab98e15c92f779b9de1cf3ba791d3e0956c467d2fc6e20fe	3	86346	172692	fileadmin/s-maj/images/BilderMaja/1997Xix/xixbar55.jpg	hidden/sculptural-work/xix/xixbar55.jpg | live/sculptural-work/17-ton-bar/xixbar55.jpg | hidden/collaborations/metal-group-xix/xixbar55.jpg
301fe9c07244d3e9a861849d243e27c28379d9b9a06bb1211b2a7aa5c29b1a57	3	32494	64988	fileadmin/s-maj/images/BilderMaja/2005TheWhale/workState1_100.jpg	live/possibilities/breath-under-water/workState1_100.jpg | hidden/sculptural-work/whale/workState1_100.jpg | hidden/possibilities/breath-under-water/workState1_100.jpg
c8a2daac1734b04ccf4d57c3b987aa26845fb2c347132ec6c8ad8f71858a5f73	2	897680	897680	fileadmin/s-maj/images/BilderMaja/2006AlchemyBar/robodock06_0152.jpg	hidden/sculptural-work/the-alchemy-bar/robodock06_0152.jpg | live/possibilities/alchemy-bar/robodock06_0152.jpg
fb83a87bc15d744d92317961c08c6d96a861ea0fc20ed66629bc332884d12ac9	2	851983	851983	fileadmin/s-maj/images/BilderMaja/2006AlchemyBar/robodock06_0145.jpg	hidden/sculptural-work/the-alchemy-bar/robodock06_0145.jpg | live/possibilities/alchemy-bar/robodock06_0145.jpg
4b1f79c29ed02ddf0de82cfc26b603e6291b090952f0f072fce0278662c37955	2	838269	838269	fileadmin/s-maj/images/BilderMaja/2006AlchemyBar/2.8earthWindow.jpg	hidden/sculptural-work/the-alchemy-bar/2.8earthWindow.jpg | live/possibilities/alchemy-bar/2.8earthWindow.jpg
9835502bf130e1763f931eafdc83b52b2803e634ddf092aa4159849e4a24f2aa	2	791841	791841	fileadmin/s-maj/images/BilderMaja/2006AlchemyBar/2.7earthGlas2.jpg	hidden/sculptural-work/the-alchemy-bar/2.7earthGlas2.jpg | live/possibilities/alchemy-bar/2.7earthGlas2.jpg
2a5761221c5edd1d5fb1965a932843ebec169dc6385da5d59e332fdf4bf8cc0f	2	789706	789706	fileadmin/s-maj/images/BilderMaja/2003Sihlpapier/tuttifruttimigi.jpg	live/event-organisation/dada-festwochen/tuttifruttimigi.jpg | hidden/uncategorised/show/tuttifruttimigi_01.jpg
eba575c3ced921cea95d6affdc361f73a69ea9ca0f3818a3e90301d8dfae20db	2	773580	773580	fileadmin/s-maj/images/BilderMaja/2006AlchemyBar/robodock06_133.jpg	hidden/sculptural-work/the-alchemy-bar/robodock06_133.jpg | live/possibilities/alchemy-bar/robodock06_133.jpg
32166d2f8b0fd5e0077e341a846bb8b68a32d0fc38fcc44246251b5a5e953ce5	2	760700	760700	fileadmin/s-maj/images/BilderMaja/2006AlchemyBar/1.8airSide3.jpg	hidden/sculptural-work/the-alchemy-bar/1.8airSide3.jpg | live/possibilities/alchemy-bar/1.8airSide3.jpg
a95bd1d808af65a966687f0332919cf5c19e17458c4df78a89abe6abd060ab3d	2	751761	751761	fileadmin/s-maj/images/BilderMaja/2007WheelOfPower/23_juni__12_.jpg	live/collaborations/wheel-of-power/23_juni__12_.jpg | live/sculptural-work/lizard/23_juni__12_.jpg
52be18f2357e8f6ae2943de46c4380f5c701e323d9be315f2af036400cd93513	2	746927	746927	fileadmin/s-maj/images/BilderMaja/2006AlchemyBar/robodock06_0020.jpg	hidden/sculptural-work/the-alchemy-bar/robodock06_0020.jpg | live/possibilities/alchemy-bar/robodock06_0020.jpg
bba3a88e7b3f4f586eb83e20ce4212419ed61369d05a2ff69836fcc3b8c6787f	2	741813	741813	fileadmin/s-maj/images/BilderMaja/2006AlchemyBar/alex_bar19.jpg	hidden/sculptural-work/the-alchemy-bar/alex_bar19.jpg | live/possibilities/alchemy-bar/alex_bar19.jpg
526ac57cfd4d3a9583a690a033fc8f2ea95f625dd4ca14ed427f8175cbfda33d	2	730445	730445	fileadmin/s-maj/images/BilderMaja/2007WheelOfPower/zaterdag_performance_278.jpg	live/sculptural-work/olympic-machine/zaterdag_performance_278.jpg | live/collaborations/wheel-of-power/zaterdag_performance_278.jpg
19817d0f1c242ce9e8c145dc9c865acb72a471d54682041699979a3b239e6fab	2	715580	715580	fileadmin/s-maj/images/BilderMaja/2006AlchemyBar/alex_bar04.jpg	hidden/sculptural-work/the-alchemy-bar/alex_bar04.jpg | live/possibilities/alchemy-bar/alex_bar04.jpg
a96531c9496e9cc8d9c3524077e8f23dcad4d6132ec50b3e95cc9bae9846d5b6	2	712235	712235	fileadmin/s-maj/images/BilderMaja/2006AlchemyBar/alex_bar24.jpg	hidden/sculptural-work/the-alchemy-bar/alex_bar24.jpg | live/possibilities/alchemy-bar/alex_bar24.jpg
2620c3a82fe98697fd40d77ea43e41f584ce777c2ccac1ff0ca44ae41074662f	2	711357	711357	fileadmin/s-maj/images/BilderMaja/2006AlchemyBar/0.1water_air.jpg	live/possibilities/alchemy-bar/0.1water_air.jpg | hidden/sculptural-work/the-alchemy-bar/0.1water_air.jpg
89571c59a9bb85f68ac380a3af8f67122788456d87676848e2a342efa30bc47d	2	693385	693385	fileadmin/s-maj/images/BilderMaja/2007WheelOfPower/zaterdag_performance_291.jpg	live/sculptural-work/olympic-machine/zaterdag_performance_291.jpg | live/collaborations/wheel-of-power/zaterdag_performance_291.jpg
77e2cfc89056fa3985a1071f6bd5a60e544e1300160391ac22c9c78476b9d5c0	2	690168	690168	fileadmin/s-maj/images/BilderMaja/2006AlchemyBar/robodock06_0105.jpg	hidden/sculptural-work/the-alchemy-bar/robodock06_0105.jpg | live/possibilities/alchemy-bar/robodock06_0105.jpg
c342682139f1a14ca5995668a6f2be2a97a1293ad9a5dae6ed6271138e7500cc	2	684982	684982	fileadmin/s-maj/images/BilderMaja/2006AlchemyBar/alex_bar25.jpg	hidden/sculptural-work/the-alchemy-bar/alex_bar25.jpg | live/possibilities/alchemy-bar/alex_bar25.jpg
86c37eff50f04c98cc4d7bff43162ba5aa108625fa6890aa641a264e9e375bcd	2	676269	676269	fileadmin/s-maj/images/BilderMaja/2006AlchemyBar/1.2airCentral.jpg	hidden/sculptural-work/the-alchemy-bar/1.2airCentral.jpg | live/possibilities/alchemy-bar/1.2airCentral.jpg
f59c51499a8defd6c3334478f4ce4a502220bda113f638282b3b258dca4a53af	2	666941	666941	fileadmin/s-maj/images/BilderMaja/2006AlchemyBar/1.1airTotale.jpg	live/possibilities/alchemy-bar/1.1airTotale.jpg | hidden/sculptural-work/the-alchemy-bar/1.1airTotale.jpg
cbd8877fff7b110e87de239afe683592ca302120c4f73ac0edb9c6ab44786529	2	657538	657538	fileadmin/s-maj/images/BilderMaja/2007WheelOfPower/zaterdag_performance_188.jpg	live/collaborations/wheel-of-power/zaterdag_performance_188.jpg | live/sculptural-work/kiss-machine/zaterdag_performance_188.jpg
52138d42e7eb7f7a4a38f4dd46a67b0e4bde66eb338f31a0d942f811dd83b20d	2	653180	653180	fileadmin/s-maj/images/BilderMaja/2007WheelOfPower/thursday_512.jpg	live/collaborations/wheel-of-power/thursday_512.jpg | live/sculptural-work/kiss-machine/thursday_512.jpg
11dd962b335e5fe1f718214ef2f617f4479b02c896009b0f3514c99c46f43287	2	630972	630972	fileadmin/s-maj/images/BilderMaja/2006AlchemyBar/robodock06_0029.jpg	hidden/sculptural-work/the-alchemy-bar/robodock06_0029.jpg | live/possibilities/alchemy-bar/robodock06_0029.jpg
8db2e345c8c7445f56eb1a2ab0d65c0682e985afccb443cba0939f412581867e	2	620508	620508	fileadmin/s-maj/images/BilderMaja/2006AlchemyBar/alex_bar26.jpg	hidden/sculptural-work/the-alchemy-bar/alex_bar26.jpg | live/possibilities/alchemy-bar/alex_bar26.jpg
279bb23f79c0e86b008137d94ffb50cb19886c6209cdbe4b69926ca5e9163b8e	2	615702	615702	fileadmin/s-maj/images/BilderMaja/2007WheelOfPower/31_july__42_.jpg	live/collaborations/wheel-of-power/31_july__42_.jpg | live/sculptural-work/crows/31_july__42_.jpg
95df6aa21248f6ff2e0138dbbaa844a277270a7c6cfaf55320bb8564bdbd68e5	2	605372	605372	fileadmin/s-maj/images/BilderMaja/2006AlchemyBar/3.0waterTotale.jpg	hidden/sculptural-work/the-alchemy-bar/3.0waterTotale.jpg | live/possibilities/alchemy-bar/3.0waterTotale.jpg
64da97de9a4c3f2597fa43a130ea5a1d3bd521c7f8b12e20638c03194d38aa05	2	602306	602306	fileadmin/s-maj/images/BilderMaja/2006AlchemyBar/alex_bar02.jpg	hidden/sculptural-work/the-alchemy-bar/alex_bar02.jpg | live/possibilities/alchemy-bar/alex_bar02.jpg
295cd3f4e5ec521c99ed8140b7ef0e638ad92368157a5aa06afa08d65a2caee0	2	596124	596124	fileadmin/s-maj/images/BilderMaja/2006AlchemyBar/robodock06_0025.jpg	hidden/sculptural-work/the-alchemy-bar/robodock06_0025.jpg | live/possibilities/alchemy-bar/robodock06_0025.jpg
80ba182ea8cd005dc30a24dac2da9d5be16db50d09ff5f519287515e8e709660	2	593433	593433	fileadmin/s-maj/images/BilderMaja/2006AlchemyBar/0.2fire_earth.jpg	live/possibilities/alchemy-bar/0.2fire_earth.jpg | hidden/sculptural-work/the-alchemy-bar/0.2fire_earth.jpg
7cba2761a51fbc3b1a60cbda81d80f0e3ce7cb4a15106cebcf84555688380afc	2	590300	590300	fileadmin/s-maj/images/BilderMaja/2006AlchemyBar/2.1earthTotale.jpg	hidden/sculptural-work/the-alchemy-bar/2.1earthTotale.jpg | live/possibilities/alchemy-bar/2.1earthTotale.jpg
719bc6e4099fd6aa2cc21f4fccd2d3fe17d20fb3f3b03867f32c127400e95b10	2	582348	582348	fileadmin/s-maj/images/BilderMaja/2007WheelOfPower/zaterdag_performance_187.jpg	live/collaborations/wheel-of-power/zaterdag_performance_187.jpg | live/sculptural-work/kiss-machine/zaterdag_performance_187.jpg
b52e1b8b036ff5907bc8d66bd1cec9fefbe669796830516cd3463a749307f43b	2	580075	580075	fileadmin/s-maj/images/BilderMaja/2006AlchemyBar/4.5fireEternal3.jpg	hidden/sculptural-work/the-alchemy-bar/4.5fireEternal3.jpg | live/possibilities/alchemy-bar/4.5fireEternal3.jpg
d7047c1da662f1d386e9065036b4b1b16afd411c193afab518092e1b16bf1498	2	578417	578417	fileadmin/s-maj/images/BilderMaja/2023Hinwil/Hinwil-07.jpg	live/sculptural-work/hinwil/Hinwil-07.jpg | deleted/sculptural-work/sennhof/Hinwil-07.jpg
6fa500d52ad66228dd11b153597534cce112e1c1fc1723cd8ad0efdeb3ca3e93	2	574572	574572	fileadmin/s-maj/images/BilderMaja/2006AlchemyBar/1.5airBird3.jpg	hidden/sculptural-work/the-alchemy-bar/1.5airBird3.jpg | live/possibilities/alchemy-bar/1.5airBird3.jpg
2218f8a0067effecfe1a7943560bec757987105ff4338a179f4e818cbe58896b	2	562205	562205	fileadmin/s-maj/images/BilderMaja/2006AlchemyBar/3.2waterMachine1.jpg	hidden/sculptural-work/the-alchemy-bar/3.2waterMachine1.jpg | live/possibilities/alchemy-bar/3.2waterMachine1.jpg
3fbda17f3b75af886bfb760b7cf28c90ab14f1c602861cc5652c8887e468efad	2	522624	522624	fileadmin/s-maj/images/BilderMaja/2006AlchemyBar/4.2fireEternal1.jpg	hidden/sculptural-work/the-alchemy-bar/4.2fireEternal1.jpg | live/possibilities/alchemy-bar/4.2fireEternal1.jpg
ccd8173d648f58befbf298ac57f7ecb91649418df9cba003f9f6b982ca27c01a	2	522505	522505	fileadmin/s-maj/images/BilderMaja/2006AlchemyBar/3.5waterSide1.jpg	hidden/sculptural-work/the-alchemy-bar/3.5waterSide1.jpg | live/possibilities/alchemy-bar/3.5waterSide1.jpg
7a06c3e5c88ce2816e3b7e273d2e8803f3d4d922de5d07a372f94da7cbe139d8	2	508331	508331	fileadmin/s-maj/images/BilderMaja/1996EurokonXiX/3torso.jpg	live/event-organisation/eurokon/3torso.jpg | live/sculptural-work/torso/3torso.jpg
046f7def89cfedbe843505a0ea94ed8ab7ef7d17c50ba43f2cd66e120a5ba611	2	500189	500189	fileadmin/s-maj/images/BilderMaja/2006AlchemyBar/2.2earthSandwatch1.jpg	hidden/sculptural-work/the-alchemy-bar/2.2earthSandwatch1.jpg | live/possibilities/alchemy-bar/2.2earthSandwatch1.jpg
449fba85c7397485f1a5d950134674e42067c010c58621b63be9d67796ce2835	2	496783	496783	fileadmin/s-maj/images/BilderMaja/2006AlchemyBar/3.4waterMachine3.jpg	hidden/sculptural-work/the-alchemy-bar/3.4waterMachine3.jpg | live/possibilities/alchemy-bar/3.4waterMachine3.jpg
6831acb6d2bb7f729f035a7d9ce464bf9687bce37f9d03774ebc2db3e4fc1c0b	2	495997	495997	fileadmin/s-maj/images/BilderMaja/2000Elxt90/ichbarna.jpg	live/performance/elxt-90/ichbarna.jpg | hidden/uncategorised/show/ichbarna_02.jpg
e8c31c24237aa6aeb14f94999683af9009c3eb95f6b02aef68bb2cd85b35e462	2	484339	484339	fileadmin/s-maj/images/BilderMaja/2006AlchemyBar/4.1fireTotale.jpg	hidden/sculptural-work/the-alchemy-bar/4.1fireTotale.jpg | live/possibilities/alchemy-bar/4.1fireTotale.jpg
b3e4cc54f2af8b4fb69277a5b36420fefe32aa16e31a7dedfabbd70a1f6b7181	2	466361	466361	fileadmin/s-maj/images/BilderMaja/2006AlchemyBar/2.4earthSide1.jpg	hidden/sculptural-work/the-alchemy-bar/2.4earthSide1.jpg | live/possibilities/alchemy-bar/2.4earthSide1.jpg
1f78126265860d03e20208180de2a9abcd137fb383089ec92883d8b85101e95d	2	446232	446232	fileadmin/s-maj/images/BilderMaja/2006AlchemyBar/1.91airWindow2.jpg	hidden/sculptural-work/the-alchemy-bar/1.91airWindow2.jpg | live/possibilities/alchemy-bar/1.91airWindow2.jpg
ba844e8eff6794398434463be82d264843d353903a91e25d0b0cfa4339fcaaf7	2	435867	435867	fileadmin/s-maj/images/BilderMaja/1997Xix/sennhofbar2.jpg	hidden/sculptural-work/xix/sennhofbar2.jpg | hidden/collaborations/metal-group-xix/sennhofbar2.jpg
da589b1ec81efe506d4876b2488da30834fc211882a782f3b0b69cfa0fd052bb	2	424891	424891	fileadmin/s-maj/images/BilderMaja/2023Hinwil/Hinwil-20.jpeg	live/sculptural-work/hinwil/Hinwil-20.jpeg | deleted/sculptural-work/sennhof/Hinwil-20.jpeg
c905c84d3425dfb8709d31dc4fcac9a06125ac265427b37684a7139021ed9c4e	2	410998	410998	fileadmin/s-maj/images/BilderMaja/2023Hinwil/Hinwil-04.jpg	live/sculptural-work/hinwil/Hinwil-04.jpg | deleted/sculptural-work/sennhof/Hinwil-04.jpg
870ceabafa6ea13fff6111f16974733c51bb9849cd90c9e246a301d8876812c0	2	407399	407399	fileadmin/s-maj/images/BilderMaja/2023Hinwil/Hinwil-11.jpg	live/sculptural-work/hinwil/Hinwil-11.jpg | deleted/sculptural-work/sennhof/Hinwil-11.jpg
e49759c62bb9a1ae044f3d390d880a8d21cbe753c5956b82cee9136917932809	2	406504	406504	fileadmin/s-maj/images/BilderMaja/2006AlchemyBar/1.3airBird1.jpg	hidden/sculptural-work/the-alchemy-bar/1.3airBird1.jpg | live/possibilities/alchemy-bar/1.3airBird1.jpg
f7d0a1d04872be9b342bdc115ba99ad94910bdb4d752e1bc20a21402138ab268	2	404141	404141	fileadmin/s-maj/images/BilderMaja/2023Hinwil/Hinwil-06.jpg	live/sculptural-work/hinwil/Hinwil-06.jpg | deleted/sculptural-work/sennhof/Hinwil-06.jpg
0036df15183090aac7323cb2766839807056ef4c1bd559203d78425d027b4ded	2	377535	377535	fileadmin/s-maj/images/BilderMaja/2023Hinwil/Hinwil-05.jpg	live/sculptural-work/hinwil/Hinwil-05.jpg | deleted/sculptural-work/sennhof/Hinwil-05.jpg
1a1306aaf5e4c3d3f3f4b76dc4593b48a772098339bdaeb8076da24d7785c60a	2	367905	367905	fileadmin/s-maj/images/BilderMaja/2023Hinwil/Hinwil-14.jpg	live/sculptural-work/hinwil/Hinwil-14.jpg | deleted/sculptural-work/sennhof/Hinwil-14.jpg
87709fff897c68c7f46a1d0f671bb21fa79270fa601fc1d40120625466b995aa	2	365419	365419	fileadmin/s-maj/images/BilderMaja/2023Hinwil/Hinwil-01.jpeg	live/sculptural-work/hinwil/Hinwil-01.jpeg | deleted/sculptural-work/sennhof/Hinwil-01.jpeg
06f84bb21ca748fc55a756fde59652806d090d1c3586d3a4aa513faf7b8d7561	2	354308	354308	fileadmin/s-mhk/images/halle/Shelter_von_rechts_oben2.jpg	deleted/other-sites/mhk/Shelter_von_rechts_oben2.jpg | deleted/other-sites/mhk/Shelter_von_rechts_oben2.jpg
3449fbc5d5ea41f632f841d6b3b7c292bd479363d0baea90c8faf95fa1cc8107	2	341863	341863	fileadmin/s-maj/images/BilderMaja/2023Hinwil/Hinwil-15.jpg	live/sculptural-work/hinwil/Hinwil-15.jpg | deleted/sculptural-work/sennhof/Hinwil-15.jpg
8e76a32c45bed5547ec23fcb6e4aa65363a7f6de954d419fbc46cdb6361c5674	2	313207	313207	fileadmin/s-maj/images/BilderMaja/2023Hinwil/Hinwil-10.jpeg	live/sculptural-work/hinwil/Hinwil-10.jpeg | deleted/sculptural-work/sennhof/Hinwil-10.jpeg
8e455f413c300ccc3ea332c2304967e25a7bc77ce25cb4447ef6ad70c20fa0cd	2	306949	306949	fileadmin/s-maj/images/BilderMaja/2007WheelOfPower/20_june_07__134_.jpg	live/collaborations/wheel-of-power/20_june_07__134_.jpg | live/sculptural-work/crows/20_june_07__134_.jpg
fa16428375ae02aed8d0fa2c0cf23db888e874cbd2a0413553dca16040e35b15	2	296650	296650	fileadmin/s-maj/images/BilderMaja/2023Hinwil/Hinwil-02.jpg	live/sculptural-work/hinwil/Hinwil-02.jpg | deleted/sculptural-work/sennhof/Hinwil-02.jpg
8d8d1a44e560c08a36faad43fb0bc9351a8afe02554b7a8c5684ea631a2c875d	2	292920	292920	fileadmin/s-maj/images/BilderMaja/2023Hinwil/Hinwil-03.jpg	live/sculptural-work/hinwil/Hinwil-03.jpg | deleted/sculptural-work/sennhof/Hinwil-03.jpg
c74c17f1ee3056f14f174414dc4687204506cb6191b4f054bd893c7744da7fc9	2	285975	285975	fileadmin/s-maj/images/BilderMaja/2005TheWhale/Front2.jpg	live/possibilities/breath-under-water/Front2.jpg | hidden/possibilities/breath-under-water/Front2.jpg
be5477241dff4ce9545def0957c4c4f4d7f38fe1cf30ce17c32741483e544d49	2	282106	282106	fileadmin/s-maj/images/BilderMaja/2023Hinwil/Hinwil-18.jpeg	live/sculptural-work/hinwil/Hinwil-18.jpeg | deleted/sculptural-work/sennhof/Hinwil-18.jpeg
a3b0e032a5865a53fdd71b3c5ccb91524cfa3f2c93e9d971bee3bcc311b3ab56	2	281381	281381	fileadmin/s-maj/images/BilderMaja/2005TheWhale/Front1.jpg	live/possibilities/breath-under-water/Front1.jpg | hidden/possibilities/breath-under-water/Front1.jpg
40bb44798f0f3d31681edbac99a5e62256f9cbd7c3810bcceb671f4274f8114c	2	280911	280911	fileadmin/s-maj/images/BilderMaja/2023Hinwil/Hinwil-19.jpeg	live/sculptural-work/hinwil/Hinwil-19.jpeg | deleted/sculptural-work/sennhof/Hinwil-19.jpeg
cc2265221661ca4d4d85ac78c6bd7392bd8d6d9ffac704ab8a2a36a73b8c21c1	2	268523	268523	fileadmin/s-maj/images/BilderMaja/2023Hinwil/Hinwil-08.jpeg	live/sculptural-work/hinwil/Hinwil-08.jpeg | deleted/sculptural-work/sennhof/Hinwil-08.jpeg
ed638e3264f5e422f1ce9cfe419ecc547e6fcf6d6b064080ae88e0b22aeb2435	2	266000	266000	fileadmin/s-maj/images/BilderMaja/2023Hinwil/Hinwil-12.jpeg	live/sculptural-work/hinwil/Hinwil-12.jpeg | deleted/sculptural-work/sennhof/Hinwil-12.jpeg
27ec6fceddba83efe5c399a201e6e05c20edf6390069cd7a3de23c58507eed11	2	261094	261094	fileadmin/s-maj/images/BilderMaja/2023Hinwil/Hinwil-16.jpeg	live/sculptural-work/hinwil/Hinwil-16.jpeg | deleted/sculptural-work/sennhof/Hinwil-16.jpeg
5893649b24006b17b3eb5bfbcf5cf336d62bf8f5e8a133caaa597043fd48d410	2	257097	257097	uploads/pics/tat11.jpg	deleted/other-sites/wtweb-design/tat11.jpg | deleted/other-sites/wtweb-design/tat11_01.jpg
954af5fb2d3a0eeb562c778aac8500fe77e915a8b92433f66d33eefbc8f5d7c1	2	238189	238189	fileadmin/s-maj/images/BilderMaja/1996EurokonXiX/2Torso.jpg	live/event-organisation/eurokon/2Torso.jpg | live/sculptural-work/torso/2Torso.jpg
711540060c2831cf16a74b04baf6d95446fd7b65d7c48b35ffbfaf8bb86051a1	2	235709	235709	fileadmin/s-maj/images/BilderMaja/2009vogelpaar/DSC01252.jpg	hidden/sculptural-work/bird-couple/DSC01252.jpg | hidden/sculptural-work/bird-sculptures-test/DSC01252.jpg
36a87433de6b8e3c764eb12804f411d6e3b3350a3047d8214a367c8647048f9a	2	225316	225316	fileadmin/s-maj/images/BilderMaja/2023Hinwil/Hinwil-13.jpeg	live/sculptural-work/hinwil/Hinwil-13.jpeg | deleted/sculptural-work/sennhof/Hinwil-13.jpeg
cd46b62450ed8199c7ba9c29b942910346aefe554c8a75734eb425caaab98143	2	220481	220481	fileadmin/s-maj/images/BilderMaja/2009vogelpaar/DSC01253.jpg	hidden/sculptural-work/bird-couple/DSC01253.jpg | hidden/sculptural-work/bird-sculptures-test/DSC01253.jpg
4fa771695089155a75ddc30945589bc62bba2fdf039a865165c0d5bef5f39708	2	215999	215999	fileadmin/s-maj/images/entwurf/1webHome-2.jpg	live/uncategorised/entwurf/1webHome-2.jpg | live/uncategorised/design-2/1webHome-2.jpg
8eebafac7d49f1f42d29439727b9b1041c5a5b82b88734d8a18224732acc0623	2	206881	206881	fileadmin/s-maj/images/BilderMaja/2005TheWhale/Muscle_studies.jpg	live/possibilities/breath-under-water/Muscle_studies.jpg | hidden/possibilities/breath-under-water/Muscle_studies.jpg
177eb4431282af34822314972dd356c3df036e79267609757cd2eaade5890231	2	202481	202481	fileadmin/s-maj/images/BilderMaja/2005TheWhale/newyork.jpg	live/possibilities/breath-under-water/newyork.jpg | hidden/possibilities/breath-under-water/newyork.jpg
6a49cf7704f64d820ed2ff9e323f907c25b0e4bb2bbd65ff10651eef70ca1fe7	2	198690	198690	fileadmin/s-maj/images/BilderMaja/2010VogelEffi/dsc_4073.jpg	hidden/sculptural-work/nagging-couple/dsc_4073.jpg | hidden/sculptural-work/bird-sculptures-test/dsc_4073.jpg
b262f4db6b38c17a7eb55927eb16e0998b6868b661fcf8e93ac93889b2a45b86	2	190697	190697	fileadmin/s-maj/images/BilderMaja/2005TheWhale/TotaleBLAU.jpg	live/possibilities/breath-under-water/TotaleBLAU.jpg | hidden/possibilities/breath-under-water/TotaleBLAU.jpg
a2ae2c948bbea3affd5145f84e692ba82ae79f7f7ae38437510781cd188ba3c3	2	189452	189452	fileadmin/s-maj/images/BilderMaja/1996EurokonXiX/nagelskizzebe.jpg	hidden/sculptural-work/xix/nagelskizzebe.jpg | hidden/collaborations/metal-group-xix/nagelskizzebe.jpg
5fd9d1a9ba8a9f9f8c966ee03526b3983bf9c6b1b642f8f478c01caef9d127f4	2	189247	189247	fileadmin/s-maj/images/BilderMaja/2009vogelpaar/Vogelpaar5.jpg	hidden/sculptural-work/bird-couple/Vogelpaar5.jpg | hidden/sculptural-work/bird-sculptures-test/Vogelpaar5.jpg
e48237d1ee7d13045495ead257802c418cdfcbb293bcfcc9e52acb4fc58753ce	2	181060	181060	fileadmin/s-maj/images/BilderMaja/2010VogelEffi/effi1_kl.jpg	hidden/sculptural-work/nagging-couple/effi1_kl.jpg | hidden/sculptural-work/bird-sculptures-test/effi1_kl.jpg
334b7b3e7d02b0a650cd4ada6a4856fd77725907cfe89792ee24bf8e7c9c3184	2	172639	172639	fileadmin/s-maj/images/BilderMaja/2023Hinwil/Hinwil-09.jpeg	live/sculptural-work/hinwil/Hinwil-09.jpeg | deleted/sculptural-work/sennhof/Hinwil-09.jpeg
563468db87f828466075a32116fade9be7f957c6ec6183df13f8ba4f67486db6	2	171709	171709	fileadmin/s-maj/images/BilderMaja/2005TheWhale/SpineWithTitel.jpg	live/possibilities/breath-under-water/SpineWithTitel.jpg | hidden/possibilities/breath-under-water/SpineWithTitel.jpg
54e420e255a505519a90788b97e72b788b4e724a433ce15902a4ef3500b747f7	2	171304	171304	fileadmin/s-pf/images/1Mai2008/DSC02542.JPG	live/other-sites/pyrofessor/DSC02542.JPG | live/other-sites/pyrofessor/DSC02542.JPG
6492b3b96668ecc01cbf474f7970462e21ca8362511d0a2f2c2aab6bcb8e9e5c	2	167521	167521	fileadmin/s-maj/images/BilderMaja/2007WheelOfPower/sundayevening-377-bew.jpg	live/sculptural-work/olympic-machine/sundayevening-377-bew.jpg | live/collaborations/wheel-of-power/sundayevening-377-bew.jpg
d7ba8749cb60c815179ea6bd6b053e8e414adbc6fe690d70825e52f9a82bd620	2	166089	166089	fileadmin/s-maj/images/BilderMaja/2008juraBird/DSC04218.jpg	hidden/sculptural-work/jurabird/DSC04218.jpg | hidden/sculptural-work/bird-sculptures-test/DSC04218.jpg
0024623e3e45d41716fff4a806d40157b4b838b7095d20f76338b2cc6739a22e	2	164839	164839	fileadmin/s-maj/images/BilderMaja/2009vogelpaar/Vogelpaar6.jpg	hidden/sculptural-work/bird-couple/Vogelpaar6.jpg | hidden/sculptural-work/bird-sculptures-test/Vogelpaar6.jpg
454bf393e9e7e1ac9425d3cde00381101e0786782fd31ee0226bab4ac3ff43f2	2	155120	155120	fileadmin/s-maj/images/BilderMaja/2010VogelEffi/effi3_kl.jpg	hidden/sculptural-work/nagging-couple/effi3_kl.jpg | hidden/sculptural-work/bird-sculptures-test/effi3_kl.jpg
59f128b08ac1d801522e71138caabaf58872a7338410fe30f929e7c93c06529a	2	152749	152749	fileadmin/s-maj/images/BilderMaja/2005TheWhale/model2.jpg	live/possibilities/breath-under-water/model2.jpg | hidden/sculptural-work/whale/model2.jpg
44bd3729bc5462e1d68d13378092e9e62a5b46ddd029e3d1b9cfa8285899e6d3	2	152085	152085	fileadmin/s-maj/images/BilderMaja/2005TheWhale/coppieghevole.jpg	hidden/possibilities/breath-under-water/coppieghevole.jpg | live/possibilities/breath-under-water/coppieghevole.jpg
8689cade39a2f2e7d8eae6a92f898daf7af1cfd0f17e9ff25297af314abd2838	2	151894	151894	fileadmin/s-maj/images/BilderMaja/2009vogelpaar/Vogel2.jpg	hidden/sculptural-work/bird-couple/Vogel2.jpg | hidden/sculptural-work/bird-sculptures-test/Vogel2.jpg
6921044d3e971e1fdc62fbc5911fa846464a8aec6909ea6899b9edd1c1ed6c93	2	141752	141752	fileadmin/s-maj/images/BilderMaja/2005TheWhale/Totaleauschnit1DOKU.jpg	live/possibilities/breath-under-water/Totaleauschnit1DOKU.jpg | hidden/possibilities/breath-under-water/Totaleauschnit1DOKU.jpg
939a793a376ee11be2ec8cec038c52686e9cfc7705296a1811a3741c9d39305b	2	134991	134991	fileadmin/s-maj/images/BilderMaja/1997Xix/zoom8.jpg	hidden/sculptural-work/xix/zoom8.jpg | hidden/collaborations/metal-group-xix/zoom8.jpg
f8288b2da401a03c16a7d5d715ec9c9db1edad0beb92aede7e342a9ce901bb3a	2	129401	129401	fileadmin/s-maj/images/BilderMaja/2009vogelpaar/DSC01256.jpg	hidden/sculptural-work/bird-couple/DSC01256.jpg | hidden/sculptural-work/bird-sculptures-test/DSC01256.jpg
97e1891146fc9d72514da38cecd334bb2dc30c46333cebf8168741117e79fd08	2	127391	127391	fileadmin/s-maj/images/BilderMaja/2005TheWhale/Totaleauschnit2DOKU.jpg	live/possibilities/breath-under-water/Totaleauschnit2DOKU.jpg | hidden/possibilities/breath-under-water/Totaleauschnit2DOKU.jpg
0491305b960c3f01255f6b4c2986ad87c665d0258a69c9463dc66f41528ba8bf	2	126823	126823	fileadmin/s-maj/images/BilderMaja/2010VogelSuter/dsc_4095.jpg	hidden/sculptural-work/gazing-starling/dsc_4095.jpg | hidden/sculptural-work/bird-sculptures-test/dsc_4095.jpg
5337bd22eaaa8bfcdc5f726f76851e652bca8ad44d37b20da6fee77a670396bb	2	123471	123471	fileadmin/s-maj/images/BilderMaja/2005TheWhale/model3.jpg	live/possibilities/breath-under-water/model3.jpg | hidden/sculptural-work/whale/model3.jpg
8fe568b57a09ddf0526a50ab0bfd40100915016fa149f73aeeb77698859289e4	2	122094	122094	fileadmin/s-maj/images/BilderMaja/2006AlchemyBar/snakeAction.jpg	hidden/sculptural-work/the-alchemy-bar/snakeAction.jpg | live/possibilities/alchemy-bar/snakeAction.jpg
04a844d5650a3d8de985d38a33476aa38bfcaf7d625141d1e44c6ac925cb7932	2	116214	116214	fileadmin/s-maj/images/BilderMaja/2010VogelEffi/dsc_4121.jpg	hidden/sculptural-work/nagging-couple/dsc_4121.jpg | hidden/sculptural-work/bird-sculptures-test/dsc_4121.jpg
a8145a5739e11ca11e07238715516dc4b88d56330ba533fe6b3c24f6c83960d3	2	113992	113992	fileadmin/s-maj/images/BilderMaja/2010VogelEffi/dsc_4111.jpg	hidden/sculptural-work/nagging-couple/dsc_4111.jpg | hidden/sculptural-work/bird-sculptures-test/dsc_4111.jpg
06b65d9b269d680a2b5405b48b2010ffacd913866758f5e04ccf9d4959f1d433	2	113651	113651	fileadmin/s-maj/images/BilderMaja/2010VogelEffi/dsc_4114.jpg	hidden/sculptural-work/nagging-couple/dsc_4114.jpg | hidden/sculptural-work/bird-sculptures-test/dsc_4114.jpg
c6b9c5f6ba01622f51d6798d28642e27e4b508b2446c623c396d331b7d063b77	2	110959	110959	fileadmin/s-maj/images/BilderMaja/2010VogelEffi/dsc_4117.jpg	hidden/sculptural-work/nagging-couple/dsc_4117.jpg | hidden/sculptural-work/bird-sculptures-test/dsc_4117.jpg
bc1fbe008ba9a165df031d1e8f2ee513384c683e6acbb7eca50fee39d276a59a	2	108685	108685	fileadmin/s-maj/images/BilderMaja/2010VogelEffi/Effi2_kl.jpg	hidden/sculptural-work/nagging-couple/Effi2_kl.jpg | hidden/sculptural-work/bird-sculptures-test/Effi2_kl.jpg
6c597110e7b26582cf0e8746efef4e06637fcd800f634428faf1d2a3674bd084	2	104763	104763	fileadmin/s-maj/images/BilderMaja/2010VogelEffi/dsc_4071.jpg	hidden/sculptural-work/nagging-couple/dsc_4071.jpg | hidden/sculptural-work/bird-sculptures-test/dsc_4071.jpg
7e90319b21f10987023ffb7629674f2c3c1a67f70452f5863066da57ac9b68ce	2	102085	102085	fileadmin/s-maj/images/BilderMaja/2010VogelSuter/suter1.jpg	hidden/sculptural-work/gazing-starling/suter1.jpg | hidden/sculptural-work/bird-sculptures-test/suter1.jpg
3f53563b6620b8395871e87a20323d6b19050be43dd312ce57856bbd918c0b7f	2	100752	100752	fileadmin/s-maj/images/BilderMaja/2010VogelSuter/dsc_4093.jpg	hidden/sculptural-work/gazing-starling/dsc_4093.jpg | hidden/sculptural-work/bird-sculptures-test/dsc_4093.jpg
ce41f531027413db39c75d1c56aef779594831403705f43612c781704c8d598a	2	90856	90856	fileadmin/s-mhk/images/vordach.jpg	deleted/other-sites/mhk/vordach.jpg | deleted/other-sites/mhk/vordach.jpg
5f86582a66e9baba32fe1b71ad86a787cd63f74a85d82d502892eb3d898625f8	2	87452	87452	fileadmin/s-maj/images/BilderMaja/2010VogelSuter/dsc_4100.jpg	hidden/sculptural-work/gazing-starling/dsc_4100.jpg | hidden/sculptural-work/bird-sculptures-test/dsc_4100.jpg
ab8d8f6b54b5636d9cc8750e450211e3615976eb2976832d8dc6e6298d5035bb	2	86083	86083	fileadmin/s-maj/images/BilderMaja/2005TheWhale/whaledocnew/The_Whale_tuned_FR114.jpg	hidden/possibilities/breath-under-water/The_Whale_tuned_FR114.jpg | live/possibilities/breath-under-water/The_Whale_tuned_FR114.jpg
86924cb3db05f835b71f955a923e5243ef271d44c505dff39c863373ea82f2b3	2	86005	86005	fileadmin/s-maj/images/BilderMaja/2005TheWhale/model_1-10_persp_.jpg	live/possibilities/breath-under-water/model_1-10_persp_.jpg | hidden/possibilities/breath-under-water/model_1-10_persp_.jpg
4a8cb183a760a4b6b016f601c640cfea328e59cb07bb7cf8046147245d13d625	2	84380	84380	fileadmin/s-maj/images/BilderMaja/2005TheWhale/form_studies22.jpg	live/possibilities/breath-under-water/form_studies22.jpg | hidden/possibilities/breath-under-water/form_studies22.jpg
23ee914ac7cd55a6959113d3e63d28b6a7904859d012bf33b81cd54961a098e0	2	78020	78020	fileadmin/s-maj/images/BilderMaja/2010VogelSuter/dsc_4097.jpg	hidden/sculptural-work/gazing-starling/dsc_4097.jpg | hidden/sculptural-work/bird-sculptures-test/dsc_4097.jpg
918ff327fdfbed3d4408056e9ce33c23cfa10b5c41d39164c1a7ba494a6e1c27	2	73395	73395	fileadmin/s-maj/images/BilderMaja/2010VogelEffi/dsc_4090.jpg	hidden/sculptural-work/gazing-starling/dsc_4090.jpg | hidden/sculptural-work/bird-sculptures-test/dsc_4090.jpg
f697e2c1f4757adbc20ecf158b2b54f391accfe612a5bf219c76600d3dc9e5e2	2	71939	71939	fileadmin/s-maj/images/BilderMaja/2010VogelSuter/dsc_4109.jpg	hidden/sculptural-work/gazing-starling/dsc_4109.jpg | hidden/sculptural-work/bird-sculptures-test/dsc_4109.jpg
ba8a36b4626a5c854043ab5d3e051b136bd1663c26cec06ed217e3d54d2a0aff	2	68513	68513	fileadmin/s-maj/images/BilderMaja/2005TheWhale/nearbackview.jpg	live/possibilities/breath-under-water/nearbackview.jpg | hidden/possibilities/breath-under-water/nearbackview.jpg
dc2164c20655f3176a38b59e26b7edb513bd6d70a610fc86a56df1128461ff9d	2	68313	68313	fileadmin/s-maj/images/BilderMaja/2005TheWhale/desertframe.jpg	live/possibilities/breath-under-water/desertframe.jpg | hidden/possibilities/breath-under-water/desertframe.jpg
d10d2099386a24ceab97036c6863abcd55a492c26213e7d7e9b61dbb38b99623	2	65479	65479	fileadmin/s-maj/images/BilderMaja/2005TheWhale/persp_backback.jpg	live/possibilities/breath-under-water/persp_backback.jpg | hidden/possibilities/breath-under-water/persp_backback.jpg
51ad3db6dca9163dbee6a3fff02697df2fd4076b28332f8735b4c95043eba762	2	45344	45344	fileadmin/s-maj/images/BilderMaja/2005TheWhale/whale-model-med__.jpg	live/possibilities/breath-under-water/whale-model-med__.jpg | hidden/possibilities/breath-under-water/whale-model-med__.jpg
b23ed512cc71eba282980a6b1c5215438dc3f115be152aa065713feb182b947a	2	45312	45312	fileadmin/s-pf/images/Himmel1.jpg	deleted/other-sites/pyrofessor/Himmel1.jpg | deleted/other-sites/pyrofessor/Himmel1.jpg
7ee30911cacc139ac5a030fdcbc3869bd465e00d4241c8db06c2652060fd5fda	2	45036	45036	fileadmin/s-maj/images/BilderMaja/2005TheWhale/up_far.jpg	live/possibilities/breath-under-water/up_far.jpg | hidden/possibilities/breath-under-water/up_far.jpg
5c9289a21d2b3f7531ac406222b311f1a6f33e8c037ffa67814b4bdec4cb2c21	2	44760	44760	fileadmin/s-pf/images/feuerboote/DSC01381-2.jpg	live/other-sites/pyrofessor/DSC01381-2.jpg | live/other-sites/pyrofessor/DSC01381-2.jpg
f24090ee98e39557464575699f0df015c33e48f8be7852a5c4b38ff724579c4a	2	41648	41648	fileadmin/s-maj/images/BilderMaja/2005TheWhale/form32.jpg	hidden/sculptural-work/whale/form32.jpg | hidden/possibilities/breath-under-water/form32.jpg
0956e488232d27656c66488b3129cd1733359103d3e810463a41bb695eb68aa3	2	26760	26760	uploads/pics/universe1-1_01.jpg	deleted/other-sites/universe1/universe1-1_01.jpg | deleted/other-sites/universe1/universe1-1_02.jpg
f5ab419f30881b71b400182f6426bf76f41f9302be3d3934cb35f0b94c4f79d9	2	26508	26508	fileadmin/s-maj/images/BilderMaja/2005TheWhale/nightvision.jpg	live/possibilities/breath-under-water/nightvision.jpg | hidden/possibilities/breath-under-water/nightvision.jpg
4107e3a4c9e3a452ee66e61ac623b04388b456595c1d3a1e0819180fc310f0fb	2	17942	17942	fileadmin/s-pf/images/feuerboote/DSC01286-2.jpg	live/other-sites/pyrofessor/DSC01286-2.jpg | live/other-sites/pyrofessor/DSC01286-2.jpg
33b01dde05507d3be78e6d32801d91d8ddba90ae5d3d041bdd4d8cd8833b1974	2	11125	11125	fileadmin/s-wt/images/references/lx-i3.jpg	deleted/other-sites/wtweb-design/lx-i3.jpg | deleted/other-sites/wtweb-design/lx-i3.jpg
a60e2bcafa9441af3a7d117c79400428cba192fcc1770d4c021fef27b2b24d47	2	8760	8760	fileadmin/s-wt/images/references/pyrofessor2.jpg	deleted/other-sites/wtweb-design/pyrofessor2.jpg | deleted/other-sites/wtweb-design/pyrofessor2.jpg
764dc0fe6112a05f65d8e0ae5bd0ff9880b6139e5f4a35165e8f7d4bb47c4f3e	2	7280	7280	fileadmin/s-wt/images/references/lx-i1.jpg	deleted/other-sites/wtweb-design/lx-i1.jpg | deleted/other-sites/wtweb-design/lx-i1.jpg
2750a3f8d7bd0bb3b0fce898ddec7ace7b70df7980c85e79215185ca14f1b6f1	2	6748	6748	fileadmin/s-wt/images/references/MhkBerlin.jpg	deleted/other-sites/wtweb-design/MhkBerlin.jpg | deleted/other-sites/wtweb-design/MhkBerlin.jpg
81150ec5c38a9423239bfb3b1a1a44da81d0851b2d959db17532901aba4ee26e	2	4036	4036	fileadmin/s-wt/images/references/lx-i1-2.jpg	deleted/other-sites/wtweb-design/lx-i1-2.jpg | deleted/other-sites/wtweb-design/lx-i1-2.jpg
