pagepath	page_id	expire
1-struktur-menues	737	0
1-struktur-menues	737	1271282400
1-struktur-menues	737	1271282400
1-struktur-menues	737	1271282400
1-struktur-menues	737	1271282400
1-struktur-menues	737	1271282400
1-struktur-menues	737	1271282400
1-struktur-menues	737	1271282400
1-struktur-menues	737	1271282400
1-struktur-menues	737	1271282400
1-struktur-menues	737	1271282400
1-struktur-menues	737	1271282400
1-struktur-menues	737	1271282400
1-struktur-menues	737	1271282400
1-struktur-menues	737	1271282400
1-struktur-menues	737	1271282400
1-struktur-menues	737	1271282400
1-struktur-menues	737	1271282400
1-struktur-menues	737	1271282400
1-struktur-menues	737	1271282400
1-struktur-menues	737	1271282400
1-struktur-menues	737	1271282400
1-struktur-menues	737	1271282400
1-struktur-menues	737	1271282400
1-struktur-menues	737	1271282400
1-struktur-menues	737	1271282400
1-struktur-menues	737	1271282400
1-struktur-menues	737	1271282400
1-struktur-menues	737	1271282400
1-struktur-menues	737	1271282400
1-struktur-menues	737	1271282400
1-struktur-menues	737	1271282400
1-struktur-menues	737	1271282400
1-struktur-menues	737	1271282400
1-struktur-menues	737	1271282400
1-struktur-menues	737	1271282400
1-struktur-menues	737	1271282400
1-struktur-menues	737	1271282400
1-struktur-menues	737	1271282400
1-struktur-menues	737	1271282400
1-struktur-menues	737	1271282400
1-struktur-menues	737	1271282400
1-struktur-menues	737	1271282400
1-struktur-menues	737	1271282400
1-struktur-menues	737	1271282400
1-struktur-menues	737	1271282400
1-struktur-menues	737	1271282400
1-struktur-menues	737	1271282400
1-struktur-menues	737	1271282400
1-struktur-menues	737	1271282400
1-struktur-menues	737	1271282400
1-struktur-menues	737	1271282400
1-struktur-menues	737	1271282400
1-struktur-menues	737	1271282400
1-struktur-menues	737	1271282400
1-struktur-menues	737	1271282400
1-struktur-menues	737	1271282400
1-struktur-menues	737	1271282400
1-struktur-menues	737	1271282400
1-struktur-menues	737	1271282400
1-struktur-menues	737	1271282400
1-struktur-menues	737	1271282400
1-struktur-menues	737	1271282400
1-struktur-menues	737	1271282400
1-struktur-menues	737	1271282400
1-struktur-menues	737	1271282400
1-struktur-menues	737	1271282400
1-struktur-menues	737	1271282400
1-struktur-menues	737	1271282400
1-struktur-menues	737	1271282400
1-struktur-menues	737	1271282400
1-struktur-menues	737	1271282400
1-struktur-menues	737	1271282400
1-struktur-menues	737	1271282400
1-struktur-menues	737	1271282400
1-struktur-menues	737	1271282400
1-struktur-menues	737	1271282400
1-struktur-menues	737	1271282400
1-struktur-menues	737	1271282400
1-struktur-menues	737	1271282400
1-struktur-menues	737	1271282400
1-struktur-menues	737	1271282400
1-struktur-menues	737	1271282400
1-struktur-menues	737	1271282400
1-struktur-menues	737	1271282400
1-struktur-menues	737	1271282400
1-struktur-menues	737	1271282400
1-struktur-menues	737	1271282400
1-struktur-menues	737	1271282400
1-struktur-menues	737	1271282400
1-struktur-menues	737	1271282400
1-struktur-menues	737	1271282400
1-struktur-menues	737	1271282400
1-struktur-menues	774	0
1-struktur-menues/2-1	749	0
1-struktur-menues/2-1	749	1271282400
1-struktur-menues/2-1	749	1271282400
1-struktur-menues/2-1	749	1271282400
1-struktur-menues/2-1	749	1271282400
1-struktur-menues/2-1	749	1271282400
1-struktur-menues/2-1	749	1271282400
1-struktur-menues/2-1	749	1271282400
1-struktur-menues/2-1	749	1271282400
1-struktur-menues/2-1	749	1271282400
1-struktur-menues/2-1	749	1271282400
1-struktur-menues/2-1	749	1271282400
1-struktur-menues/2-1	749	1271282400
1-struktur-menues/2-1	749	1271282400
1-struktur-menues/2-1	749	1271282400
1-struktur-menues/2-1	749	1271282400
1-struktur-menues/2-1	749	1271282400
1-struktur-menues/2-1	749	1271282400
1-struktur-menues/2-1	749	1271282400
1-struktur-menues/2-1	749	1271282400
1-struktur-menues/2-1	749	1271282400
1-struktur-menues/2-1	749	1271282400
1-struktur-menues/2-1	749	1271282400
1-struktur-menues/2-1	749	1271282400
1-struktur-menues/2-1	749	1271282400
1-struktur-menues/2-1	749	1271282400
1-struktur-menues/2-1	749	1271282400
1-struktur-menues/2-1	786	0
1-struktur-menues/2-1	786	0
1-struktur-menues/2-1/3-1	753	0
1-struktur-menues/2-1/3-1	753	1271282400
1-struktur-menues/2-1/3-1	753	1271282400
1-struktur-menues/2-1/3-1	753	1271282400
1-struktur-menues/2-1/3-1	753	1271282400
1-struktur-menues/2-1/3-1	753	1271282400
1-struktur-menues/2-1/3-1	753	1271282400
1-struktur-menues/2-1/3-1	753	1271282400
1-struktur-menues/2-1/3-1	753	1271282400
1-struktur-menues/2-1/3-1	753	1271282400
1-struktur-menues/2-1/3-1	753	1271282400
1-struktur-menues/2-1/3-1	753	1271282400
1-struktur-menues/2-1/3-1	753	1271282400
1-struktur-menues/2-1/3-1	753	1271282400
1-struktur-menues/2-1/3-1	753	1271282400
1-struktur-menues/2-1/3-1	753	1271282400
1-struktur-menues/2-1/3-1	753	1271282400
1-struktur-menues/2-1/3-1	753	1271282400
1-struktur-menues/2-1/3-1	753	1271282400
1-struktur-menues/2-1/3-1	753	1271282400
1-struktur-menues/2-1/3-1	753	1271282400
1-struktur-menues/2-1/3-1	753	1271282400
1-struktur-menues/2-1/3-1	753	1271282400
1-struktur-menues/2-1/3-1	753	1271282400
1-struktur-menues/2-1/3-1	753	1271282400
1-struktur-menues/2-1/3-1	790	0
1-struktur-menues/2-1/3-1/4-1	757	0
1-struktur-menues/2-1/3-1/4-1	757	1271282400
1-struktur-menues/2-1/3-1/4-1	757	1271282400
1-struktur-menues/2-1/3-1/4-1	757	1271282400
1-struktur-menues/2-1/3-1/4-1	757	1271282400
1-struktur-menues/2-1/3-1/4-1	757	1271282400
1-struktur-menues/2-1/3-1/4-1	757	1271282400
1-struktur-menues/2-1/3-1/4-1	757	1271282400
1-struktur-menues/2-1/3-1/4-1	757	1271282400
1-struktur-menues/2-1/3-1/4-1	757	1271282400
1-struktur-menues/2-1/3-1/4-1	757	1271282400
1-struktur-menues/2-1/3-1/4-1	757	1271282400
1-struktur-menues/2-1/3-1/4-1	757	1271282400
1-struktur-menues/2-1/3-1/4-1	757	1271282400
1-struktur-menues/2-1/3-1/4-1	757	1271282400
1-struktur-menues/2-1/3-1/4-1	757	1271282400
1-struktur-menues/2-1/3-1/4-1	757	1271282400
1-struktur-menues/2-1/3-1/4-1	757	1271282400
1-struktur-menues/2-1/3-1/4-1	757	1271282400
1-struktur-menues/2-1/3-1/4-1	757	1271282400
1-struktur-menues/2-1/3-1/4-1	757	1271282400
1-struktur-menues/2-1/3-1/4-1	794	0
1-struktur-menues/2-1/3-1/4-2	756	0
1-struktur-menues/2-1/3-1/4-2	756	1271282400
1-struktur-menues/2-1/3-1/4-2	756	1271282400
1-struktur-menues/2-1/3-1/4-2	756	1271282400
1-struktur-menues/2-1/3-1/4-2	756	1271282400
1-struktur-menues/2-1/3-1/4-2	756	1271282400
1-struktur-menues/2-1/3-1/4-2	756	1271282400
1-struktur-menues/2-1/3-1/4-2	756	1271282400
1-struktur-menues/2-1/3-1/4-2	756	1271282400
1-struktur-menues/2-1/3-1/4-2	756	1271282400
1-struktur-menues/2-1/3-1/4-2	756	1271282400
1-struktur-menues/2-1/3-1/4-2	756	1271282400
1-struktur-menues/2-1/3-1/4-2	756	1271282400
1-struktur-menues/2-1/3-1/4-2	756	1271282400
1-struktur-menues/2-1/3-1/4-2	756	1271282400
1-struktur-menues/2-1/3-1/4-2	756	1271282400
1-struktur-menues/2-1/3-1/4-2	756	1271282400
1-struktur-menues/2-1/3-1/4-2	756	1271282400
1-struktur-menues/2-1/3-1/4-2	756	1271282400
1-struktur-menues/2-1/3-1/4-2	756	1271282400
1-struktur-menues/2-1/3-1/4-2	756	1271282400
1-struktur-menues/2-1/3-1/4-2	793	0
1-struktur-menues/2-1/3-1/4-3	755	0
1-struktur-menues/2-1/3-1/4-3	755	1271282400
1-struktur-menues/2-1/3-1/4-3	755	1271282400
1-struktur-menues/2-1/3-1/4-3	755	1271282400
1-struktur-menues/2-1/3-1/4-3	755	1271282400
1-struktur-menues/2-1/3-1/4-3	755	1271282400
1-struktur-menues/2-1/3-1/4-3	755	1271282400
1-struktur-menues/2-1/3-1/4-3	755	1271282400
1-struktur-menues/2-1/3-1/4-3	755	1271282400
1-struktur-menues/2-1/3-1/4-3	755	1271282400
1-struktur-menues/2-1/3-1/4-3	755	1271282400
1-struktur-menues/2-1/3-1/4-3	755	1271282400
1-struktur-menues/2-1/3-1/4-3	755	1271282400
1-struktur-menues/2-1/3-1/4-3	755	1271282400
1-struktur-menues/2-1/3-1/4-3	755	1271282400
1-struktur-menues/2-1/3-1/4-3	755	1271282400
1-struktur-menues/2-1/3-1/4-3	755	1271282400
1-struktur-menues/2-1/3-1/4-3	755	1271282400
1-struktur-menues/2-1/3-1/4-3	755	1271282400
1-struktur-menues/2-1/3-1/4-3	755	1271282400
1-struktur-menues/2-1/3-1/4-3	755	1271282400
1-struktur-menues/2-1/3-1/4-3	792	0
1-struktur-menues/2-1/3-1/4-4	754	0
1-struktur-menues/2-1/3-1/4-4	754	1271282400
1-struktur-menues/2-1/3-1/4-4	754	1271282400
1-struktur-menues/2-1/3-1/4-4	754	1271282400
1-struktur-menues/2-1/3-1/4-4	754	1271282400
1-struktur-menues/2-1/3-1/4-4	754	1271282400
1-struktur-menues/2-1/3-1/4-4	754	1271282400
1-struktur-menues/2-1/3-1/4-4	754	1271282400
1-struktur-menues/2-1/3-1/4-4	754	1271282400
1-struktur-menues/2-1/3-1/4-4	754	1271282400
1-struktur-menues/2-1/3-1/4-4	754	1271282400
1-struktur-menues/2-1/3-1/4-4	754	1271282400
1-struktur-menues/2-1/3-1/4-4	754	1271282400
1-struktur-menues/2-1/3-1/4-4	754	1271282400
1-struktur-menues/2-1/3-1/4-4	754	1271282400
1-struktur-menues/2-1/3-1/4-4	754	1271282400
1-struktur-menues/2-1/3-1/4-4	754	1271282400
1-struktur-menues/2-1/3-1/4-4	754	1271282400
1-struktur-menues/2-1/3-1/4-4	754	1271282400
1-struktur-menues/2-1/3-1/4-4	754	1271282400
1-struktur-menues/2-1/3-1/4-4	754	1271282400
1-struktur-menues/2-1/3-1/4-4	791	0
1-struktur-menues/2-1/3-2	752	0
1-struktur-menues/2-1/3-2	752	1271282400
1-struktur-menues/2-1/3-2	752	1271282400
1-struktur-menues/2-1/3-2	752	1271282400
1-struktur-menues/2-1/3-2	752	1271282400
1-struktur-menues/2-1/3-2	752	1271282400
1-struktur-menues/2-1/3-2	752	1271282400
1-struktur-menues/2-1/3-2	752	1271282400
1-struktur-menues/2-1/3-2	752	1271282400
1-struktur-menues/2-1/3-2	752	1271282400
1-struktur-menues/2-1/3-2	752	1271282400
1-struktur-menues/2-1/3-2	752	1271282400
1-struktur-menues/2-1/3-2	752	1271282400
1-struktur-menues/2-1/3-2	752	1271282400
1-struktur-menues/2-1/3-2	752	1271282400
1-struktur-menues/2-1/3-2	752	1271282400
1-struktur-menues/2-1/3-2	752	1271282400
1-struktur-menues/2-1/3-2	752	1271282400
1-struktur-menues/2-1/3-2	752	1271282400
1-struktur-menues/2-1/3-2	752	1271282400
1-struktur-menues/2-1/3-2	752	1271282400
1-struktur-menues/2-1/3-2	752	1271282400
1-struktur-menues/2-1/3-2	752	1271282400
1-struktur-menues/2-1/3-2	752	1271282400
1-struktur-menues/2-1/3-2	752	1271282400
1-struktur-menues/2-1/3-2	789	0
1-struktur-menues/2-1/3-2	789	0
1-struktur-menues/2-1/3-3	751	0
1-struktur-menues/2-1/3-3	751	1271282400
1-struktur-menues/2-1/3-3	751	1271282400
1-struktur-menues/2-1/3-3	751	1271282400
1-struktur-menues/2-1/3-3	751	1271282400
1-struktur-menues/2-1/3-3	751	1271282400
1-struktur-menues/2-1/3-3	751	1271282400
1-struktur-menues/2-1/3-3	751	1271282400
1-struktur-menues/2-1/3-3	751	1271282400
1-struktur-menues/2-1/3-3	751	1271282400
1-struktur-menues/2-1/3-3	751	1271282400
1-struktur-menues/2-1/3-3	751	1271282400
1-struktur-menues/2-1/3-3	751	1271282400
1-struktur-menues/2-1/3-3	751	1271282400
1-struktur-menues/2-1/3-3	751	1271282400
1-struktur-menues/2-1/3-3	751	1271282400
1-struktur-menues/2-1/3-3	751	1271282400
1-struktur-menues/2-1/3-3	751	1271282400
1-struktur-menues/2-1/3-3	751	1271282400
1-struktur-menues/2-1/3-3	751	1271282400
1-struktur-menues/2-1/3-3	751	1271282400
1-struktur-menues/2-1/3-3	751	1271282400
1-struktur-menues/2-1/3-3	751	1271282400
1-struktur-menues/2-1/3-3	751	1271282400
1-struktur-menues/2-1/3-3	751	1271282400
1-struktur-menues/2-1/3-3	788	0
1-struktur-menues/2-1/3-4	750	0
1-struktur-menues/2-1/3-4	750	1271282400
1-struktur-menues/2-1/3-4	750	1271282400
1-struktur-menues/2-1/3-4	750	1271282400
1-struktur-menues/2-1/3-4	750	1271282400
1-struktur-menues/2-1/3-4	750	1271282400
1-struktur-menues/2-1/3-4	750	1271282400
1-struktur-menues/2-1/3-4	750	1271282400
1-struktur-menues/2-1/3-4	750	1271282400
1-struktur-menues/2-1/3-4	750	1271282400
1-struktur-menues/2-1/3-4	750	1271282400
1-struktur-menues/2-1/3-4	750	1271282400
1-struktur-menues/2-1/3-4	750	1271282400
1-struktur-menues/2-1/3-4	750	1271282400
1-struktur-menues/2-1/3-4	750	1271282400
1-struktur-menues/2-1/3-4	750	1271282400
1-struktur-menues/2-1/3-4	750	1271282400
1-struktur-menues/2-1/3-4	750	1271282400
1-struktur-menues/2-1/3-4	750	1271282400
1-struktur-menues/2-1/3-4	750	1271282400
1-struktur-menues/2-1/3-4	750	1271282400
1-struktur-menues/2-1/3-4	750	1271282400
1-struktur-menues/2-1/3-4	750	1271282400
1-struktur-menues/2-1/3-4	750	1271282400
1-struktur-menues/2-1/3-4	750	1271282400
1-struktur-menues/2-1/3-4	787	0
1-struktur-menues/2-2	744	0
1-struktur-menues/2-2	744	1271282400
1-struktur-menues/2-2	744	1271282400
1-struktur-menues/2-2	744	1271282400
1-struktur-menues/2-2	744	1271282400
1-struktur-menues/2-2	744	1271282400
1-struktur-menues/2-2	744	1271282400
1-struktur-menues/2-2	744	1271282400
1-struktur-menues/2-2	744	1271282400
1-struktur-menues/2-2	744	1271282400
1-struktur-menues/2-2	744	1271282400
1-struktur-menues/2-2	744	1271282400
1-struktur-menues/2-2	744	1271282400
1-struktur-menues/2-2	744	1271282400
1-struktur-menues/2-2	744	1271282400
1-struktur-menues/2-2	744	1271282400
1-struktur-menues/2-2	744	1271282400
1-struktur-menues/2-2	744	1271282400
1-struktur-menues/2-2	744	1271282400
1-struktur-menues/2-2	744	1271282400
1-struktur-menues/2-2	744	1271282400
1-struktur-menues/2-2	744	1271282400
1-struktur-menues/2-2	744	1271282400
1-struktur-menues/2-2	744	1271282400
1-struktur-menues/2-2	744	1271282400
1-struktur-menues/2-2	744	1271282400
1-struktur-menues/2-2	744	1271282400
1-struktur-menues/2-2	781	0
1-struktur-menues/2-2/3-1	748	0
1-struktur-menues/2-2/3-1	748	1271282400
1-struktur-menues/2-2/3-1	748	1271282400
1-struktur-menues/2-2/3-1	748	1271282400
1-struktur-menues/2-2/3-1	748	1271282400
1-struktur-menues/2-2/3-1	748	1271282400
1-struktur-menues/2-2/3-1	748	1271282400
1-struktur-menues/2-2/3-1	748	1271282400
1-struktur-menues/2-2/3-1	748	1271282400
1-struktur-menues/2-2/3-1	748	1271282400
1-struktur-menues/2-2/3-1	748	1271282400
1-struktur-menues/2-2/3-1	748	1271282400
1-struktur-menues/2-2/3-1	748	1271282400
1-struktur-menues/2-2/3-1	748	1271282400
1-struktur-menues/2-2/3-1	748	1271282400
1-struktur-menues/2-2/3-1	748	1271282400
1-struktur-menues/2-2/3-1	748	1271282400
1-struktur-menues/2-2/3-1	748	1271282400
1-struktur-menues/2-2/3-1	748	1271282400
1-struktur-menues/2-2/3-1	748	1271282400
1-struktur-menues/2-2/3-1	785	0
1-struktur-menues/2-2/3-2	747	0
1-struktur-menues/2-2/3-2	747	1271282400
1-struktur-menues/2-2/3-2	747	1271282400
1-struktur-menues/2-2/3-2	747	1271282400
1-struktur-menues/2-2/3-2	747	1271282400
1-struktur-menues/2-2/3-2	747	1271282400
1-struktur-menues/2-2/3-2	747	1271282400
1-struktur-menues/2-2/3-2	747	1271282400
1-struktur-menues/2-2/3-2	747	1271282400
1-struktur-menues/2-2/3-2	747	1271282400
1-struktur-menues/2-2/3-2	747	1271282400
1-struktur-menues/2-2/3-2	747	1271282400
1-struktur-menues/2-2/3-2	747	1271282400
1-struktur-menues/2-2/3-2	747	1271282400
1-struktur-menues/2-2/3-2	747	1271282400
1-struktur-menues/2-2/3-2	747	1271282400
1-struktur-menues/2-2/3-2	747	1271282400
1-struktur-menues/2-2/3-2	747	1271282400
1-struktur-menues/2-2/3-2	747	1271282400
1-struktur-menues/2-2/3-2	747	1271282400
1-struktur-menues/2-2/3-2	784	0
1-struktur-menues/2-2/3-3	746	0
1-struktur-menues/2-2/3-3	746	1271282400
1-struktur-menues/2-2/3-3	746	1271282400
1-struktur-menues/2-2/3-3	746	1271282400
1-struktur-menues/2-2/3-3	746	1271282400
1-struktur-menues/2-2/3-3	746	1271282400
1-struktur-menues/2-2/3-3	746	1271282400
1-struktur-menues/2-2/3-3	746	1271282400
1-struktur-menues/2-2/3-3	746	1271282400
1-struktur-menues/2-2/3-3	746	1271282400
1-struktur-menues/2-2/3-3	746	1271282400
1-struktur-menues/2-2/3-3	746	1271282400
1-struktur-menues/2-2/3-3	746	1271282400
1-struktur-menues/2-2/3-3	746	1271282400
1-struktur-menues/2-2/3-3	746	1271282400
1-struktur-menues/2-2/3-3	746	1271282400
1-struktur-menues/2-2/3-3	746	1271282400
1-struktur-menues/2-2/3-3	746	1271282400
1-struktur-menues/2-2/3-3	746	1271282400
1-struktur-menues/2-2/3-3	746	1271282400
1-struktur-menues/2-2/3-3	783	0
1-struktur-menues/2-2/3-4	745	0
1-struktur-menues/2-2/3-4	745	1271282400
1-struktur-menues/2-2/3-4	745	1271282400
1-struktur-menues/2-2/3-4	745	1271282400
1-struktur-menues/2-2/3-4	745	1271282400
1-struktur-menues/2-2/3-4	745	1271282400
1-struktur-menues/2-2/3-4	745	1271282400
1-struktur-menues/2-2/3-4	745	1271282400
1-struktur-menues/2-2/3-4	745	1271282400
1-struktur-menues/2-2/3-4	745	1271282400
1-struktur-menues/2-2/3-4	745	1271282400
1-struktur-menues/2-2/3-4	745	1271282400
1-struktur-menues/2-2/3-4	745	1271282400
1-struktur-menues/2-2/3-4	745	1271282400
1-struktur-menues/2-2/3-4	745	1271282400
1-struktur-menues/2-2/3-4	745	1271282400
1-struktur-menues/2-2/3-4	745	1271282400
1-struktur-menues/2-2/3-4	745	1271282400
1-struktur-menues/2-2/3-4	745	1271282400
1-struktur-menues/2-2/3-4	745	1271282400
1-struktur-menues/2-2/3-4	782	0
1-struktur-menues/2-3	739	0
1-struktur-menues/2-3	739	1271282400
1-struktur-menues/2-3	739	1271282400
1-struktur-menues/2-3	739	1271282400
1-struktur-menues/2-3	739	1271282400
1-struktur-menues/2-3	739	1271282400
1-struktur-menues/2-3	739	1271282400
1-struktur-menues/2-3	739	1271282400
1-struktur-menues/2-3	739	1271282400
1-struktur-menues/2-3	739	1271282400
1-struktur-menues/2-3	739	1271282400
1-struktur-menues/2-3	739	1271282400
1-struktur-menues/2-3	739	1271282400
1-struktur-menues/2-3	739	1271282400
1-struktur-menues/2-3	739	1271282400
1-struktur-menues/2-3	739	1271282400
1-struktur-menues/2-3	739	1271282400
1-struktur-menues/2-3	739	1271282400
1-struktur-menues/2-3	739	1271282400
1-struktur-menues/2-3	739	1271282400
1-struktur-menues/2-3	739	1271282400
1-struktur-menues/2-3	739	1271282400
1-struktur-menues/2-3	739	1271282400
1-struktur-menues/2-3	739	1271282400
1-struktur-menues/2-3	739	1271282400
1-struktur-menues/2-3	739	1271282400
1-struktur-menues/2-3	739	1271282400
1-struktur-menues/2-3	776	0
1-struktur-menues/2-3/3-1	743	0
1-struktur-menues/2-3/3-1	743	1271282400
1-struktur-menues/2-3/3-1	743	1271282400
1-struktur-menues/2-3/3-1	743	1271282400
1-struktur-menues/2-3/3-1	743	1271282400
1-struktur-menues/2-3/3-1	743	1271282400
1-struktur-menues/2-3/3-1	743	1271282400
1-struktur-menues/2-3/3-1	743	1271282400
1-struktur-menues/2-3/3-1	743	1271282400
1-struktur-menues/2-3/3-1	743	1271282400
1-struktur-menues/2-3/3-1	743	1271282400
1-struktur-menues/2-3/3-1	743	1271282400
1-struktur-menues/2-3/3-1	743	1271282400
1-struktur-menues/2-3/3-1	743	1271282400
1-struktur-menues/2-3/3-1	743	1271282400
1-struktur-menues/2-3/3-1	743	1271282400
1-struktur-menues/2-3/3-1	743	1271282400
1-struktur-menues/2-3/3-1	743	1271282400
1-struktur-menues/2-3/3-1	743	1271282400
1-struktur-menues/2-3/3-1	743	1271282400
1-struktur-menues/2-3/3-1	780	0
1-struktur-menues/2-3/3-2	742	0
1-struktur-menues/2-3/3-2	742	1271282400
1-struktur-menues/2-3/3-2	742	1271282400
1-struktur-menues/2-3/3-2	742	1271282400
1-struktur-menues/2-3/3-2	742	1271282400
1-struktur-menues/2-3/3-2	742	1271282400
1-struktur-menues/2-3/3-2	742	1271282400
1-struktur-menues/2-3/3-2	742	1271282400
1-struktur-menues/2-3/3-2	742	1271282400
1-struktur-menues/2-3/3-2	742	1271282400
1-struktur-menues/2-3/3-2	742	1271282400
1-struktur-menues/2-3/3-2	742	1271282400
1-struktur-menues/2-3/3-2	742	1271282400
1-struktur-menues/2-3/3-2	742	1271282400
1-struktur-menues/2-3/3-2	742	1271282400
1-struktur-menues/2-3/3-2	742	1271282400
1-struktur-menues/2-3/3-2	742	1271282400
1-struktur-menues/2-3/3-2	742	1271282400
1-struktur-menues/2-3/3-2	742	1271282400
1-struktur-menues/2-3/3-2	742	1271282400
1-struktur-menues/2-3/3-2	779	0
1-struktur-menues/2-3/3-3	741	0
1-struktur-menues/2-3/3-3	741	1271282400
1-struktur-menues/2-3/3-3	741	1271282400
1-struktur-menues/2-3/3-3	741	1271282400
1-struktur-menues/2-3/3-3	741	1271282400
1-struktur-menues/2-3/3-3	741	1271282400
1-struktur-menues/2-3/3-3	741	1271282400
1-struktur-menues/2-3/3-3	741	1271282400
1-struktur-menues/2-3/3-3	741	1271282400
1-struktur-menues/2-3/3-3	741	1271282400
1-struktur-menues/2-3/3-3	741	1271282400
1-struktur-menues/2-3/3-3	741	1271282400
1-struktur-menues/2-3/3-3	741	1271282400
1-struktur-menues/2-3/3-3	741	1271282400
1-struktur-menues/2-3/3-3	741	1271282400
1-struktur-menues/2-3/3-3	741	1271282400
1-struktur-menues/2-3/3-3	741	1271282400
1-struktur-menues/2-3/3-3	741	1271282400
1-struktur-menues/2-3/3-3	741	1271282400
1-struktur-menues/2-3/3-3	741	1271282400
1-struktur-menues/2-3/3-3	778	0
1-struktur-menues/2-3/3-4	740	0
1-struktur-menues/2-3/3-4	740	1271282400
1-struktur-menues/2-3/3-4	740	1271282400
1-struktur-menues/2-3/3-4	740	1271282400
1-struktur-menues/2-3/3-4	740	1271282400
1-struktur-menues/2-3/3-4	740	1271282400
1-struktur-menues/2-3/3-4	740	1271282400
1-struktur-menues/2-3/3-4	740	1271282400
1-struktur-menues/2-3/3-4	740	1271282400
1-struktur-menues/2-3/3-4	740	1271282400
1-struktur-menues/2-3/3-4	740	1271282400
1-struktur-menues/2-3/3-4	740	1271282400
1-struktur-menues/2-3/3-4	740	1271282400
1-struktur-menues/2-3/3-4	740	1271282400
1-struktur-menues/2-3/3-4	740	1271282400
1-struktur-menues/2-3/3-4	740	1271282400
1-struktur-menues/2-3/3-4	740	1271282400
1-struktur-menues/2-3/3-4	740	1271282400
1-struktur-menues/2-3/3-4	740	1271282400
1-struktur-menues/2-3/3-4	740	1271282400
1-struktur-menues/2-3/3-4	777	0
1-struktur-menues/2-4	738	0
1-struktur-menues/2-4	738	1271282400
1-struktur-menues/2-4	738	1271282400
1-struktur-menues/2-4	738	1271282400
1-struktur-menues/2-4	738	1271282400
1-struktur-menues/2-4	738	1271282400
1-struktur-menues/2-4	738	1271282400
1-struktur-menues/2-4	738	1271282400
1-struktur-menues/2-4	738	1271282400
1-struktur-menues/2-4	738	1271282400
1-struktur-menues/2-4	738	1271282400
1-struktur-menues/2-4	738	1271282400
1-struktur-menues/2-4	738	1271282400
1-struktur-menues/2-4	738	1271282400
1-struktur-menues/2-4	738	1271282400
1-struktur-menues/2-4	738	1271282400
1-struktur-menues/2-4	738	1271282400
1-struktur-menues/2-4	738	1271282400
1-struktur-menues/2-4	738	1271282400
1-struktur-menues/2-4	738	1271282400
1-struktur-menues/2-4	738	1271282400
1-struktur-menues/2-4	738	1271282400
1-struktur-menues/2-4	738	1271282400
1-struktur-menues/2-4	738	1271282400
1-struktur-menues/2-4	738	1271282400
1-struktur-menues/2-4	738	1271282400
1-struktur-menues/2-4	738	1271282400
1-struktur-menues/2-4	775	0
2d/murals	874	0
2d/murals/felix-und-regula-unterfuehrung	918	1226271600
2d/murals/murals-europe	866	0
2d/murals/murals-europe	866	1221256800
2d/murals/murals-europe-19941995	866	1221256800
2d/murals/murals-travels-19941995	866	1221775200
2d/murals/wohlgroth	919	0
2d/murals/wohlgroth-zuerich-1993	919	1221775200
2d/paper-work	875	0
2d/paper-work/the-whale	924	0
archiv	795	0
archiv	795	0
archiv	795	0
archiv	854	0
archiv	854	0
archiv/2000	796	0
archiv/burnie	806	0
archiv/burnie	806	0
archiv/burnie	806	0
archiv/logo-eddie	804	0
archiv/logo-eddie	804	0
archiv/logo-eddie	804	0
beispiele	851	0
beispiele	851	0
bilder-galerie	812	0
bilder-galerie	812	0
bilder-galerie	812	0
bilder-galerie/1mai-2008	816	0
bilder-galerie/1mai-2008	816	0
bilder-galerie/tacheles	820	0
bilder-galerie/tacheles	820	0
bilder-galerie/tacheles	820	0
bilder-galerie/test-gallery-fotograf	1009	0
bilder-galerie/vermischtes	821	0
bio	865	1242165600
brennende-badewanne	966	0
brennende-badewanne	966	0
content/2d	869	0
content/2d/paper-work/akwa	921	0
content/2d/paper-work/malaga-la-vache	922	0
content/2d/paper-work/the-whale/the-whale-video	1017	0
content/paintings	869	1242252000
content/recent-work	867	0
content/recent-work	867	1242338400
content/recent-work/recent-installations	1041	0
content/recent-work/recent-sculpture	1042	0
content/recent-work/recent-sculptures	948	0
content/recent-work/sculptures	1055	0
content/recent-work/the-whale	982	0
content/sculptures	870	0
content/sculptures	870	1242338400
content/sculptures/collaborations/forget-me-not	947	0
content/sculptures/collaborations/hand-of-man	945	0
content/sculptures/collaborations/metal-group-xix	1078	0
content/sculptures/collaborations/wheel-of-power	946	0
content/sculptures/sculptural-work/alchemy-bar	937	0
content/sculptures/sculptural-work/dorfbachschiff	942	0
content/sculptures/sculptural-work/installations/apocalyptic-fence	1059	0
content/sculptures/sculptural-work/installations/die-weglampen	1063	0
content/sculptures/sculptural-work/installations/the-helixes	1064	0
content/sculptures/sculptural-work/installations/the-sea-monster	1056	0
content/sculptures/sculptural-work/installations/weglampen	1060	0
content/sculptures/sculptural-work/kalandraka	938	0
content/sculptures/sculptural-work/mantelheizung	941	0
content/sculptures/sculptural-work/recent-installations	1040	0
content/sculptures/sculptural-work/recent-installations/odonische-feuer	1044	0
content/sculptures/sculptural-work/recent-sculpture	1039	0
content/sculptures/sculptural-work/recent-sculpture/bird-sculptures	1048	0
content/sculptures/sculptural-work/recent-sculpture/wacken-bull	1047	0
content/sculptures/sculptural-work/recent-sculpture/wacken-scull	1046	0
content/sculptures/sculptural-work/recent-sculptures	953	0
content/sculptures/sculptural-work/recent-sculptures/bird-couple	1001	0
content/sculptures/sculptural-work/recent-sculptures/car-wreck	1027	0
content/sculptures/sculptural-work/recent-sculptures/crows	1000	0
content/sculptures/sculptural-work/recent-sculptures/duschfass	1034	0
content/sculptures/sculptural-work/recent-sculptures/elephant	1031	0
content/sculptures/sculptural-work/recent-sculptures/gazing-starling	1036	0
content/sculptures/sculptural-work/recent-sculptures/jurabird	996	0
content/sculptures/sculptural-work/recent-sculptures/kiss-machine	1003	0
content/sculptures/sculptural-work/recent-sculptures/lizard	999	0
content/sculptures/sculptural-work/recent-sculptures/nagging-couple	1038	0
content/sculptures/sculptural-work/recent-sculptures/nova	1026	0
content/sculptures/sculptural-work/recent-sculptures/olympic-machine	1014	0
content/sculptures/sculptural-work/recent-sculptures/pleitegeier	997	0
content/sculptures/sculptural-work/recent-sculptures/raw-heater-bar	1035	0
content/sculptures/sculptural-work/recent-sculptures/soldier	995	0
content/sculptures/sculptural-work/recent-sculptures/throne	994	0
content/sculptures/sculptural-work/recent-sculptures/vulture	998	0
content/sculptures/sculptural-work/recent-sculptures/whale	1002	0
content/sculptures/sculptural-work/sculptures/affenbande	1073	0
content/sculptures/sculptural-work/sculptures/bill-parooka	1062	0
content/sculptures/sculptural-work/sculptures/bird-sculptures	1050	0
content/sculptures/sculptural-work/sculptures/blumenwolke	1074	0
content/sculptures/sculptural-work/sculptures/destroy-hiv	1054	0
content/sculptures/sculptural-work/sculptures/flower-power	1072	0
content/sculptures/sculptural-work/sculptures/gong-trophy	1058	0
content/sculptures/sculptural-work/sculptures/hafenszene	1080	0
content/sculptures/sculptural-work/sculptures/hinwil	1077	0
content/sculptures/sculptural-work/sculptures/lionfish-door	1057	0
content/sculptures/sculptural-work/sculptures/nova-two	1061	0
content/sculptures/sculptural-work/sculptures/portraits	1068	0
content/sculptures/sculptural-work/sculptures/portraits/alberto	1067	0
content/sculptures/sculptural-work/sculptures/portraits/bernhard	1069	0
content/sculptures/sculptural-work/sculptures/portraits/kaethe	1070	0
content/sculptures/sculptural-work/sculptures/schiffszimmer	1076	0
content/sculptures/sculptural-work/sculptures/sisyphos-gate	1052	0
content/sculptures/sculptural-work/sculptures/the-fifth-estate	1053	0
content/sculptures/sculptural-work/sculptures/the-wolf	1071	0
content/sculptures/sculptural-work/sculptures/tubebox-railing	1051	0
content/sculptures/sculptural-work/xix	943	0
content/sculptures/sculptural-work/xix/17-ton-bar	1004	0
content/sculptures/sculptural-work/xix/eagle	1005	0
content/sculptures/sculptural-work/xix/iron-channel	1008	0
content/sculptures/sculptural-work/xix/nailed-tanks	1007	0
content/sculptures/sculptural-work/xix/torso	1006	0
content/show	868	0
content/show	868	1242338400
content/show/event-organisation	873	0
content/show/event-organisation	873	1242252000
content/show/event-organisation	873	1242252000
content/show/event-organisation	873	1242252000
content/show/event-organisation	873	1242252000
content/show/event-organisation	873	1242252000
content/show/event-organisation	873	1242252000
content/show/event-organisation	873	1242252000
content/show/event-organisation	873	1242252000
content/show/event-organisation	873	1242252000
content/show/event-organisation	873	1242252000
content/show/event-organisation	873	1242252000
content/show/event-organisation	873	1242252000
content/show/event-organisation	873	1242252000
content/show/event-organisation	873	1242252000
content/show/event-organisation	873	1242252000
content/show/event-organisation/dada-festwochen	934	0
content/show/event-organisation/dada-festwochen	934	1242424800
content/show/event-organisation/eurokon	935	0
content/show/event-organisation/eurokon	935	1242424800
content/show/event-organisation/eurokot	936	0
content/show/event-organisation/eurokot	936	1242424800
content/show/performance	872	0
content/show/performance	872	1242252000
content/show/performance	872	1242252000
content/show/performance	872	1242252000
content/show/performance	872	1242252000
content/show/performance	872	1242252000
content/show/performance	872	1242252000
content/show/performance	872	1242252000
content/show/performance	872	1242252000
content/show/performance	872	1242252000
content/show/performance	872	1242252000
content/show/performance	872	1242252000
content/show/performance	872	1242252000
content/show/performance	872	1242252000
content/show/performance	872	1242252000
content/show/performance	872	1242252000
content/show/performance	872	1242252000
content/show/performance	872	1242252000
content/show/performance	872	1242252000
content/show/performance	872	1242252000
content/show/performance	872	1242252000
content/show/performance	872	1242252000
content/show/performance/bagger	928	0
content/show/performance/bagger	928	1242338400
content/show/performance/casino-gitano	933	0
content/show/performance/casino-gitano	933	1242338400
content/show/performance/elxt90	926	0
content/show/performance/elxt90	926	1242252000
content/show/performance/free-radicals	927	0
content/show/performance/troy	932	0
current-work/recent-sculptures	892	0
current-work/the-whale	925	0
datenschutz	1066	0
entwurf	863	0
entwurf-kopie-1	866	1221170400
entwurf/testmount	970	0
feuerboote	807	0
feuerboote	807	0
feuerboote	807	0
feuershow-fuer-kids	801	0
feuershow-fuer-kids	801	0
feuershow-fuer-kids	801	0
fire	862	0
footer/search	1012	0
footer/sitemap	1013	1247522400
galerie/1mai-2008	816	0
galerie/slideshow	817	0
home	1018	0
impressum	809	0
impressum	809	0
impressum	809	0
info/bio	865	0
info/bio	865	1242165600
info/bio/bio-chronological	1016	0
info/bio/curriculum-vitae	1015	0
info/contact	973	0
info/datenschutz	1065	0
info/kontakt	952	0
info/links	974	0
info/press	981	0
info/references	871	0
info/sitemap	951	0
jung-alt-workshop	805	0
jung-alt-workshop	805	0
jung-alt-workshop	805	0
kontakt	771	0
kontakt	771	0
kontakt	771	0
kontakt	850	0
kontakt	850	0
kontakt	850	0
paintings	869	1242252000
paintings/murals/felix-und-regula	918	0
paintings/paper-work/concepts	923	0
paintings/paper-work/graphics	920	0
pool-fire	808	0
pool-fire	808	0
pool-fire	808	0
press	871	1226271600
recent-work	867	1242338400
recent-work/the-alchemy-bar	949	0
schau	1023	0
sculptures	870	1242338400
sculptures/collaborations	878	0
sculptures/sculptural-work	877	0
show	868	1242338400
show/event-organisation	873	1242252000
show/event-organisation/dada-festwochen	934	1242424800
show/event-organisation/eurokon	935	1242424800
show/event-organisation/eurokot	936	1242424800
show/fire/bagger	931	0
show/music	879	0
show/music/casino-gitano	933	1242338400
show/performance	872	1242252000
show/performance/bagger	928	1242338400
show/performance/elxt90	926	1242252000
sitemap	758	0
sitemap	758	1271282400
sitemap	758	1271282400
sitemap	758	1271282400
sitemap	758	1271282400
sitemap	758	1271282400
sitemap	758	1271282400
sitemap	758	1271282400
sitemap	758	1271282400
sitemap	758	1271282400
sitemap	758	1271282400
sitemap	758	1271282400
sitemap	758	1271282400
sitemap	758	1271282400
sitemap	758	1271282400
sitemap	758	1271282400
sitemap	758	1271282400
sitemap	758	1271282400
sitemap	758	1271282400
sitemap	758	1271282400
sitemap	758	1271282400
sitemap	758	1271282400
sitemap	758	1271282400
sitemap	758	1271282400
sitemap	758	1271282400
sitemap	758	1271282400
sitemap	758	1271282400
sitemap	758	1271282400
sitemap	758	1271282400
sitemap	758	1271282400
sitemap	758	1271282400
sitemap	758	1271282400
sitemap	758	1271282400
sitemap	758	1271282400
sitemap	758	1271282400
sitemap	758	1271282400
sitemap	758	1271282400
sitemap	758	1271282400
sitemap	758	1271282400
sitemap	758	1271282400
sitemap	758	1271282400
sitemap	758	1271282400
sitemap	758	1271282400
sitemap	758	1271282400
sitemap	758	1271282400
sitemap	758	1271282400
sitemap	758	1271282400
sitemap	758	1271282400
sitemap	758	1271282400
sitemap	758	1271282400
sitemap	758	1271282400
sitemap	758	1271282400
sitemap	758	1271282400
sitemap	758	1271282400
sitemap	758	1271282400
sitemap	758	1271282400
sitemap	758	1271282400
sitemap	758	1271282400
sitemap	758	1271282400
sitemap	758	1271282400
sitemap	758	1271282400
sitemap	758	1271282400
sitemap	758	1271282400
sitemap	758	1271282400
sitemap	758	1271282400
sitemap	758	1271282400
sitemap	758	1271282400
sitemap	758	1271282400
sitemap	758	1271282400
sitemap	758	1271282400
sitemap	758	1271282400
sitemap	758	1271282400
sitemap	758	1271282400
sitemap	758	1271282400
sitemap	758	1271282400
sitemap	758	1271282400
sitemap	758	1271282400
sitemap	758	1271282400
sitemap	758	1271282400
sitemap	758	1271282400
sitemap	758	1271282400
sitemap	758	1271282400
sitemap	758	1271282400
sitemap	758	1271282400
sitemap	758	1271282400
sitemap	758	1271282400
sitemap	758	1271282400
sitemap	758	1271282400
sitemap	758	1271282400
sitemap	758	1271282400
sitemap	758	1271282400
sitemap	758	1271282400
sitemap	758	1271282400
sitemap	811	0
sitemap	811	0
sitemap	811	0
skulpturen	803	0
skulpturen	803	0
skulpturen	803	0
start	761	0
start	761	1271282400
start	761	1271282400
start	761	1271282400
start	761	1271282400
start	761	1271282400
start	761	1271282400
start	761	1271282400
start	761	1271282400
start	761	1271282400
start	761	1271282400
start	761	1271282400
start	761	1271282400
start	761	1271282400
start	761	1271282400
start	761	1271282400
start	761	1271282400
start	761	1271282400
start	761	1271282400
start	761	1271282400
start	761	1271282400
start	761	1271282400
start	761	1271282400
start	761	1271282400
start	761	1271282400
start	761	1271282400
start	761	1271282400
start	761	1271282400
start	761	1271282400
start	761	1271282400
start	761	1271282400
start	761	1271282400
start	761	1271282400
start	761	1271282400
start	761	1271282400
start	761	1271282400
start	761	1271282400
start	761	1271282400
start	761	1271282400
start	761	1271282400
start	761	1271282400
start	761	1271282400
start	761	1271282400
start	761	1271282400
start	761	1271282400
start	761	1271282400
start	761	1271282400
start	761	1271282400
start	761	1271282400
start	761	1271282400
start	761	1271282400
start	761	1271282400
start	761	1271282400
start	761	1271282400
start	761	1271282400
start	761	1271282400
start	761	1271282400
start	761	1271282400
start	761	1271282400
start	761	1271282400
start	761	1271282400
start	761	1271282400
start	761	1271282400
start	761	1271282400
start	761	1271282400
start	761	1271282400
start	761	1271282400
start	761	1271282400
start	761	1271282400
start	761	1271282400
start	761	1271282400
start	761	1271282400
start	761	1271282400
start	761	1271282400
start	761	1271282400
start	761	1271282400
start	761	1271282400
start	761	1271282400
start	761	1271282400
start	761	1271282400
start	761	1271282400
start	761	1271282400
start	761	1271282400
start	761	1271282400
start	761	1271282400
start	761	1271282400
start	761	1271282400
start	761	1271282400
start	761	1271282400
start	761	1271282400
start	761	1271282400
start	761	1271282400
start	761	1271282400
start	772	1213826400
start	800	0
start	800	0
start	800	0
start	852	0
start	852	0
start	852	0
start	861	0
test	759	0
test	759	1271282400
test	759	1271282400
test	759	1271282400
test	759	1271282400
test	759	1271282400
test	759	1271282400
test	759	1271282400
test	759	1271282400
test	759	1271282400
test	759	1271282400
test	759	1271282400
test	759	1271282400
test	759	1271282400
test	759	1271282400
test	759	1271282400
test	759	1271282400
test	759	1271282400
test	759	1271282400
test	759	1271282400
test	759	1271282400
test	759	1271282400
test	759	1271282400
test	759	1271282400
test	759	1271282400
test	759	1271282400
test	759	1271282400
test	759	1271282400
test	759	1271282400
test	759	1271282400
test	759	1271282400
test	759	1271282400
test	759	1271282400
test	759	1271282400
test	759	1271282400
test	759	1271282400
test	759	1271282400
test	759	1271282400
test	759	1271282400
test	759	1271282400
test	759	1271282400
test	759	1271282400
test	759	1271282400
test	759	1271282400
test	759	1271282400
test	759	1271282400
test	759	1271282400
test	759	1271282400
test	759	1271282400
test	759	1271282400
test	759	1271282400
test	759	1271282400
test	759	1271282400
test	759	1271282400
test	759	1271282400
test	759	1271282400
test	759	1271282400
test	759	1271282400
test	759	1271282400
test	759	1271282400
test	759	1271282400
test	759	1271282400
test	759	1271282400
test	759	1271282400
test	759	1271282400
test	759	1271282400
test	759	1271282400
test	759	1271282400
test	759	1271282400
test	759	1271282400
test	759	1271282400
test	759	1271282400
test	759	1271282400
test	759	1271282400
test	759	1271282400
test	759	1271282400
test	759	1271282400
test	759	1271282400
test	759	1271282400
test	759	1271282400
test	759	1271282400
test	759	1271282400
test	759	1271282400
test	759	1271282400
test	759	1271282400
test	759	1271282400
test	759	1271282400
test	759	1271282400
test	759	1271282400
test	759	1271282400
test	759	1271282400
test	759	1271282400
test	759	1271282400
test	759	1271282400
test	759	1271282400
test	759	1271282400
test	759	1271282400
test	759	1271282400
test	759	1271282400
test	759	1271282400
test	759	1271282400
test	759	1271282400
test	759	1271282400
test	759	1271282400
test	759	1271282400
test	759	1271282400
test	759	1271282400
test	759	1271282400
test	759	1271282400
test	759	1271282400
test	759	1271282400
test	759	1271282400
test	759	1271282400
test	759	1271282400
test	759	1271282400
test	759	1271282400
test	759	1271282400
test	759	1271282400
test	759	1271282400
test	759	1271282400
test	759	1271282400
test	759	1271282400
test	759	1271282400
test	759	1271282400
test	759	1271282400
test	759	1271282400
test	759	1271282400
test	759	1271282400
test	759	1271282400
test	759	1271282400
test	759	1271282400
test	759	1271282400
test	759	1271282400
test	759	1271282400
test	759	1271282400
test	759	1271282400
test	759	1271282400
test	759	1271282400
test	759	1271282400
test	759	1271282400
test	759	1271282400
test	759	1271282400
test	759	1271282400
test	759	1271282400
test	759	1271282400
test	759	1271282400
test	759	1271282400
test	759	1271282400
test	759	1271282400
test	759	1271282400
test	759	1271282400
test	759	1271282400
test	759	1271282400
test	759	1271282400
test	759	1271282400
test	759	1271282400
test	759	1271282400
test	759	1271282400
test	827	0
test-regal	827	1215554400
test-start	772	0
test-start/test-mooflow	967	0
test/eins	823	0
test/eins	823	1271282400
test/eins	823	1271282400
test/eins	823	1271282400
test/eins	823	1271282400
test/eins	823	1271282400
test/eins	823	1271282400
test/eins	823	1271282400
test/eins	823	1271282400
test/eins	823	1271282400
test/eins	823	1271282400
test/eins	823	1271282400
test/eins	823	1271282400
test/eins/eins-zwei	825	0
test/eins/eins-zwei	825	1271282400
test/eins/eins-zwei	825	1271282400
test/eins/eins-zwei	825	1271282400
test/eins/eins-zwei	825	1271282400
test/eins/eins-zwei	825	1271282400
test/eins/eins-zwei	825	1271282400
test/eins/eins-zwei	825	1271282400
test/eins/eins-zwei	825	1271282400
test/zwei	824	0
test/zwei	824	1271282400
test/zwei	824	1271282400
test/zwei	824	1271282400
test/zwei	824	1271282400
test/zwei	824	1271282400
test/zwei	824	1271282400
test/zwei	824	1271282400
test/zwei	824	1271282400
test/zwei	824	1271282400
test/zwei	824	1271282400
test/zwei	824	1271282400
test/zwei	824	1271282400
test/zwei/zwei-zwei	826	0
test/zwei/zwei-zwei	826	1271282400
test/zwei/zwei-zwei	826	1271282400
test/zwei/zwei-zwei	826	1271282400
test/zwei/zwei-zwei	826	1271282400
test/zwei/zwei-zwei	826	1271282400
test/zwei/zwei-zwei	826	1271282400
tests	851	0
tools/sitemap	1013	0
videos	810	0
videos	810	0
videos	810	0
wop	975	0
wop/home	1043	0
wop/home-kopie-1	1043	1288652400
x-mas	802	0
x-mas	802	0
x-mas	802	0
