source_id	source_file	source_excerpt	target_file	target_asset	status	note
tt_content:1452:e1	fileadmin/s-maj/images/BilderMaja/presse/20180525ZürcherOberländer2.pdf	Solo Exhibition, Kunst ist Leben; Big Article, Zürcher Oberl	src/pages/about/press.md	-	missing-from-source	file absent from the Jan-2025 backup (non-ASCII path)
tt_content:1452:e2	fileadmin/s-maj/images/BilderMaja/presse/20180519ZürcherOberländer.pdf	Solo Exhibition, Kunst ist Leben; Anouncment, Zürcher Oberlä	src/pages/about/press.md	-	missing-from-source	file absent from the Jan-2025 backup (non-ASCII path)
tt_content:1452:e3	fileadmin/s-maj/images/BilderMaja/presse/2013_Destroy_HIV.pdf	Destoy HIV; Schirmherrschaft Frank Walter Steinmeier, Public	src/pages/about/press.md	/assets/images/shared/press/2013-destroy-hiv.pdf	migrated	PDF: carried as `file`; template renders only `image`, so no link yet
tt_content:1452:e4	fileadmin/s-maj/images/BilderMaja/presse/2012_Wacken_Scull_aus_Acrystal_--_Lange_Ritter_GmbH.pdf	Wacken Scull; Anwender Bericht Acrystal, Lange Ritter, 2012	src/pages/about/press.md	/assets/images/shared/press/2012-wacken-scull-aus-acrystal-lange-ritter-gmbh.pdf	migrated	PDF: carried as `file`; template renders only `image`, so no link yet
tt_content:1452:e5	fileadmin/s-maj/images/BilderMaja/presse/2007_Alchemy_Bar_-_Wired_A4.pdf	The Alchemy Bar; Wired Magazine, October 2007	src/pages/about/press.md	/assets/images/shared/press/2007-alchemy-bar-wired-a4.pdf	migrated	PDF: carried as `file`; template renders only `image`, so no link yet
tt_content:1452:e6	fileadmin/s-maj/images/BilderMaja/presse/2007_Mannheimer-Morgen.jpg	Derevo, Wheel of Power; Mannheim, Mannheimer-Morgen, July 20	src/pages/about/press.md	/assets/images/shared/press/2007-mannheimer-morgen.jpg	migrated	jpegtran lossless
tt_content:1452:e7	fileadmin/s-maj/images/BilderMaja/presse/2007_Rein-Neckar-Zeitung.jpg	Derevo, Wheel of Power; Mannheim, Rein-Neckar-Zeitung, July 	src/pages/about/press.md	/assets/images/shared/press/2007-rein-neckar-zeitung.jpg	migrated	jpegtran lossless
tt_content:1452:e8	fileadmin/s-maj/images/BilderMaja/presse/2007_Die-Reinpfalz.jpg	Derevo, Wheel of Power; Mannheim, Die-Reinpfalz, July 2007	src/pages/about/press.md	/assets/images/shared/press/2007-die-reinpfalz.jpg	migrated	jpegtran lossless
tt_content:1452:e9	fileadmin/s-maj/images/BilderMaja/presse/2006_Rdock1.jpg	The Alchemy Bar, part 1; Amsterdam, Recycling International,	src/pages/about/press.md	/assets/images/shared/press/2006-rdock1.jpg	migrated	jpegtran lossless
tt_content:1452:e10	fileadmin/s-maj/images/BilderMaja/presse/2006_Rdock2.jpg	The Alchemy Bar, part 2; Amsterdam, Recycling International,	src/pages/about/press.md	/assets/images/shared/press/2006-rdock2.jpg	migrated	jpegtran lossless
tt_content:1452:e11	fileadmin/s-maj/images/BilderMaja/presse/2006_rdock3.jpg	The Alchemy Bar, part 3; Amsterdam, Recycling International,	src/pages/about/press.md	/assets/images/shared/press/2006-rdock3.jpg	migrated	jpegtran lossless
tt_content:1452:e12	fileadmin/s-maj/images/BilderMaja/presse/2005_freeRadicalPula.jpg	Free Radicals; Pula, Glas Istre, July 2005	src/pages/about/press.md	/assets/images/shared/press/2005-freeradicalpula.jpg	migrated	jpegtran lossless
tt_content:1452:e13	fileadmin/s-maj/images/BilderMaja/presse/2004_casino1.jpg	Casino Gitano 1; Press voices, 2004	src/pages/about/press.md	/assets/images/shared/press/2004-casino1.jpg	migrated	jpegtran lossless
tt_content:1452:e14	fileadmin/s-maj/images/BilderMaja/presse/2004_casino2.jpg	Casino Gitano 2; Press voices, 2004	src/pages/about/press.md	/assets/images/shared/press/2004-casino2.jpg	migrated	jpegtran lossless
tt_content:1452:e15	fileadmin/s-maj/images/BilderMaja/presse/2004_casino3.jpg	Casino Gitano 3; Press voices, 2004	src/pages/about/press.md	/assets/images/shared/press/2004-casino3.jpg	migrated	jpegtran lossless
tt_content:1452:e16	fileadmin/s-maj/images/BilderMaja/presse/2003_sihlpapier.jpg	Dada Festwochen; Zurich, NZZ, February 2003	src/pages/about/press.md	/assets/images/shared/press/2003-sihlpapier.jpg	migrated	jpegtran lossless
tt_content:1452:e17	fileadmin/s-maj/images/BilderMaja/presse/2003_Elxt5.jpg	Elxt 90; Terrassa, August 2003	src/pages/about/press.md	/assets/images/shared/press/2003-elxt5.jpg	migrated	jpegtran lossless
tt_content:1452:e18	fileadmin/s-maj/images/BilderMaja/presse/2002_elxt4.jpg	Elxt 90; Salamanca, La Gazeta, July 2003	src/pages/about/press.md	/assets/images/shared/press/2002-elxt4.jpg	migrated	jpegtran lossless
tt_content:1452:e19	fileadmin/s-maj/images/BilderMaja/presse/2002_elxt3.jpg	Elxt 90; Lugano, June 2002	src/pages/about/press.md	/assets/images/shared/press/2002-elxt3.jpg	migrated	jpegtran lossless
tt_content:1452:e20	fileadmin/s-maj/images/BilderMaja/presse/2001_Elxt2.jpg	Elxt 90; Winterthur, TA, August 2001	src/pages/about/press.md	/assets/images/shared/press/2001-elxt2.jpg	migrated	jpegtran lossless
tt_content:1452:e21	fileadmin/s-maj/images/BilderMaja/presse/2001_ELXT1.jpg	Elxt 90; Zurich, TA, June 2000	src/pages/about/press.md	/assets/images/shared/press/2001-elxt1.jpg	migrated	jpegtran lossless
tt_content:1452:e22	fileadmin/s-maj/images/BilderMaja/presse/1999_pfae1.jpg	Inauguration Dorfbachschiff; Pfäffikon, ZO, June 1999	src/pages/about/press.md	/assets/images/shared/press/1999-pfae1.jpg	migrated	jpegtran lossless
tt_content:1452:e23	fileadmin/s-maj/images/BilderMaja/presse/1999_pfae3.jpg	Dorfbachschiff; Pfäffikon, June 1999	src/pages/about/press.md	/assets/images/shared/press/1999-pfae3.jpg	migrated	jpegtran lossless
tt_content:1452:e24	fileadmin/s-maj/images/BilderMaja/presse/1999_pfae2.jpg	Dorfbachschiff; Pfäffikon, Pfäffikerin, June 1999	src/pages/about/press.md	/assets/images/shared/press/1999-pfae2.jpg	migrated	jpegtran lossless
tt_content:1452:e25	fileadmin/s-maj/images/BilderMaja/presse/1998_bimbotown2.jpg	Bimbo Town; Leipzig, Bild, March 1998	src/pages/about/press.md	/assets/images/shared/press/1998-bimbotown2.jpg	migrated	jpegtran lossless
tt_content:1452:e26	fileadmin/s-maj/images/BilderMaja/presse/1998_Leipzig_bimbotown.jpg	Bimbo Town; Leipzig, November 1997	src/pages/about/press.md	/assets/images/shared/press/1998-leipzig-bimbotown.jpg	migrated	jpegtran lossless
tt_content:1452:e27	fileadmin/s-maj/images/BilderMaja/presse/ru6.jpg	Eurokon; Yekaterinburg, July 1996	src/pages/about/press.md	/assets/images/shared/press/ru6.jpg	migrated	jpegtran lossless
tt_content:1452:e28	fileadmin/s-maj/images/BilderMaja/presse/1996_ru4.jpg	Eurokon; Yekaterinburg, July 1996	src/pages/about/press.md	/assets/images/shared/press/1996-ru4.jpg	migrated	jpegtran lossless
tt_content:1452:e29	fileadmin/s-maj/images/BilderMaja/presse/1996_ru1.jpg	Eurokon; Yekaterinburg, July 1996	src/pages/about/press.md	/assets/images/shared/press/1996-ru1.jpg	migrated	jpegtran lossless
tt_content:1452:e30	fileadmin/s-maj/images/BilderMaja/presse/1996_ru3.jpg	Eurokon; Yekaterinburg, July 1996	src/pages/about/press.md	/assets/images/shared/press/1996-ru3.jpg	migrated	jpegtran lossless
tt_content:1452:e31	fileadmin/s-maj/images/BilderMaja/presse/1996_ru7.jpg	Eurokon; Yekaterinburg, July 1996	src/pages/about/press.md	/assets/images/shared/press/1996-ru7.jpg	migrated	jpegtran lossless
tt_content:1452:e32	fileadmin/s-maj/images/BilderMaja/presse/1996_ru2.jpg	Eurokon; Press conference, Yekaterinburg, July 1996	src/pages/about/press.md	/assets/images/shared/press/1996-ru2.jpg	migrated	jpegtran lossless
tt_content:1452:e33	fileadmin/s-maj/images/BilderMaja/presse/1996_ru-ubersetzungen.jpg	Eurokon; Translations Russian press, Yekaterinburg / Novosib	src/pages/about/press.md	/assets/images/shared/press/1996-ru-ubersetzungen.jpg	migrated	jpegtran lossless
tt_content:1452:e34	fileadmin/s-maj/images/BilderMaja/presse/1996_ru-presseerklarung.jpg	Eurokon; Press statement, Yekaterinburg, May 1996	src/pages/about/press.md	/assets/images/shared/press/1996-ru-presseerklarung.jpg	migrated	jpegtran lossless
tt_content:1452:e35	fileadmin/s-maj/images/BilderMaja/presse/1996_rueinladung.jpg	Eurokon; Artists invitation, Novosibirsk, May 1996	src/pages/about/press.md	/assets/images/shared/press/1996-rueinladung.jpg	migrated	jpegtran lossless
tt_content:1452:e36	fileadmin/s-maj/images/BilderMaja/presse/1995_Rock-preis.jpg	Eurokot Rockpreis, award winner 1995; Zurich, NZZ, March 199	src/pages/about/press.md	/assets/images/shared/press/1995-rock-preis.jpg	migrated	jpegtran lossless
tt_content:1452:e37	fileadmin/s-maj/images/BilderMaja/presse/1995_ew1.jpg	Eurokot; Zurich, TA, September 1995	src/pages/about/press.md	/assets/images/shared/press/1995-ew1.jpg	migrated	jpegtran lossless
tt_content:1452:e38	fileadmin/s-maj/images/BilderMaja/presse/1995_ew5.jpg	Eurokot; Zurich, TA, August 1995	src/pages/about/press.md	/assets/images/shared/press/1995-ew5.jpg	migrated	jpegtran lossless
tt_content:1452:e39	fileadmin/s-maj/images/BilderMaja/presse/1995_ew6.jpg	Eurokot; Zurich, Zürcher Studentin, September 1995	src/pages/about/press.md	/assets/images/shared/press/1995-ew6.jpg	migrated	jpegtran lossless
tt_content:1452:e40	fileadmin/s-maj/images/BilderMaja/presse/1995_ew4.jpg	Eurokot; Zurich, Fabrik Zeitung, September 1995	src/pages/about/press.md	/assets/images/shared/press/1995-ew4.jpg	migrated	jpegtran lossless
tt_content:1452:e41	fileadmin/s-maj/images/BilderMaja/presse/1995_ew7.jpg	Eurokot; Zurich, Forecast, November 1995	src/pages/about/press.md	/assets/images/shared/press/1995-ew7.jpg	migrated	jpegtran lossless
tt_content:1452:e42	fileadmin/s-maj/images/BilderMaja/presse/1995ew3.jpg	Eurokot; Zurich, Navisate, September 1995	src/pages/about/press.md	/assets/images/shared/press/1995ew3.jpg	migrated	jpegtran lossless
tt_content:1452:e43	fileadmin/s-maj/images/BilderMaja/presse/1995_denhaag2.jpg	Blauwe Aanslag; The Hague, July 1995	src/pages/about/press.md	/assets/images/shared/press/1995-denhaag2.jpg	migrated	jpegtran lossless
tt_content:1452:e44	fileadmin/s-maj/images/BilderMaja/presse/1995_ew2.jpg	Wohlgroth; Zurich, Weltwoche, April 1995	src/pages/about/press.md	/assets/images/shared/press/1995-ew2.jpg	migrated	jpegtran lossless
tt_content:1452:e45	fileadmin/s-maj/images/BilderMaja/presse/1994_prag.jpg	Ladronka; Prague, September 1994	src/pages/about/press.md	/assets/images/shared/press/1994-prag.jpg	migrated	jpegtran lossless
tt_content:1452:e46	fileadmin/s-maj/images/BilderMaja/presse/1995_felix_regula3.jpg	Felix und Regula Unterführung; Zurich, TA, May 1994	src/pages/about/press.md	/assets/images/shared/press/1995-felix-regula3.jpg	migrated	jpegtran lossless
tt_content:1452:e47	fileadmin/s-maj/images/BilderMaja/presse/felix_regula2.jpg	Felix und Regula Unterführung; Zurich, TA, April 1994	src/pages/about/press.md	/assets/images/shared/press/felix-regula2.jpg	migrated	jpegtran lossless
tt_content:1452:e48	fileadmin/s-maj/images/BilderMaja/presse/1994_felix_regula.jpg	Felix und Regula Unterführung; Zurich, TA, April 1994	src/pages/about/press.md	/assets/images/shared/press/1994-felix-regula.jpg	migrated	jpegtran lossless
tt_content:1452:e49	fileadmin/s-maj/images/BilderMaja/presse/1993_wohlgrott2.jpg	Wohlgroth; Zurich, TA, August 1993	src/pages/about/press.md	/assets/images/shared/press/1993-wohlgrott2.jpg	migrated	jpegtran lossless
tt_content:1452:e50	fileadmin/s-maj/images/BilderMaja/presse/1993_wohlgrott.jpg	Wohlgroth; Zurich, TA, October 1993	src/pages/about/press.md	/assets/images/shared/press/1993-wohlgrott.jpg	migrated	jpegtran lossless
