uid	table	parent_pid	title	ctype	location	body_chars	file
3	pages	0	Template Storage	page	other-site	0	other-sites/template-storage/deleted-pages/3-template-storage/page.json
74	pages	0	Content1	page	other-site	0	other-sites/content1/deleted-pages/74-content1/page.json
116	pages	0	Kalendar Storage	page	other-site	0	other-sites/kalendar-storage/deleted-pages/116-kalendar-storage/page.json
318	pages	0	Tat2007TemplateStorage	page	other-site	0	other-sites/tat2007templatestorage/deleted-pages/318-tat2007templatestorage/page.json
734	pages	0	alt	page	other-site	0	other-sites/alt/deleted-pages/734-alt/page.json
735	pages	0	karin	page	other-site	0	other-sites/karin/deleted-pages/735-karin/page.json
736	pages	735	Kalender	page	other-site	0	other-sites/karin/deleted-pages/736-kalender/page.json
737	pages	735	1 struktur - menues	page	other-site	0	other-sites/karin/deleted-pages/737-1-struktur-menues/page.json
738	pages	737	2-4	page	other-site	0	other-sites/karin/deleted-pages/738-2-4/page.json
739	pages	737	2-3	page	other-site	0	other-sites/karin/deleted-pages/739-2-3/page.json
740	pages	739	3-4	page	other-site	0	other-sites/karin/deleted-pages/740-3-4/page.json
741	pages	739	3-3	page	other-site	0	other-sites/karin/deleted-pages/741-3-3/page.json
742	pages	739	3-2	page	other-site	0	other-sites/karin/deleted-pages/742-3-2/page.json
743	pages	739	3-1	page	other-site	0	other-sites/karin/deleted-pages/743-3-1/page.json
744	pages	737	2-2	page	other-site	0	other-sites/karin/deleted-pages/744-2-2/page.json
745	pages	744	3-4	page	other-site	0	other-sites/karin/deleted-pages/745-3-4/page.json
746	pages	744	3-3	page	other-site	0	other-sites/karin/deleted-pages/746-3-3/page.json
747	pages	744	3-2	page	other-site	0	other-sites/karin/deleted-pages/747-3-2/page.json
748	pages	744	3-1	page	other-site	0	other-sites/karin/deleted-pages/748-3-1/page.json
749	pages	737	2-1	page	other-site	0	other-sites/karin/deleted-pages/749-2-1/page.json
750	pages	749	3-4	page	other-site	0	other-sites/karin/deleted-pages/750-3-4/page.json
751	pages	749	3-3	page	other-site	0	other-sites/karin/deleted-pages/751-3-3/page.json
752	pages	749	3-2	page	other-site	0	other-sites/karin/deleted-pages/752-3-2/page.json
753	pages	749	3-1	page	other-site	0	other-sites/karin/deleted-pages/753-3-1/page.json
754	pages	753	4-4	page	other-site	0	other-sites/karin/deleted-pages/754-4-4/page.json
755	pages	753	4-3	page	other-site	0	other-sites/karin/deleted-pages/755-4-3/page.json
756	pages	753	4-2	page	other-site	0	other-sites/karin/deleted-pages/756-4-2/page.json
757	pages	753	4-1	page	other-site	0	other-sites/karin/deleted-pages/757-4-1/page.json
758	pages	735	Sitemap	page	other-site	0	other-sites/karin/deleted-pages/758-sitemap/page.json
759	pages	735	test	page	other-site	0	other-sites/karin/deleted-pages/759-test/page.json
760	pages	735	Plug in	page	other-site	0	other-sites/karin/deleted-pages/760-plug-in/page.json
761	pages	735	start	page	other-site	0	other-sites/karin/deleted-pages/761-start/page.json
764	pages	0	universe1	page	other-site	0	other-sites/universe1/deleted-pages/764-universe1/page.json
765	pages	0	mhk	page	other-site	0	other-sites/mhk/deleted-pages/765-mhk/page.json
767	pages	764	Tests	page	other-site	0	other-sites/universe1/deleted-pages/767-tests/page.json
768	pages	764	wtStorage	page	other-site	0	other-sites/universe1/deleted-pages/768-wtstorage/page.json
769	pages	770	Kontakt	page	other-site	0	other-sites/mhk/deleted-pages/769-kontakt/page.json
770	pages	765	Start	page	other-site	0	other-sites/mhk/deleted-pages/770-start/page.json
813	pages	764	t3 tips blog	page	other-site	0	other-sites/universe1/deleted-pages/813-t3-tips-blog/page.json
814	pages	764	login	page	other-site	0	other-sites/universe1/deleted-pages/814-login/page.json
823	pages	759	eins	page	other-site	0	other-sites/karin/deleted-pages/823-eins/page.json
824	pages	759	zwei	page	other-site	0	other-sites/karin/deleted-pages/824-zwei/page.json
825	pages	823	eins zwei	page	other-site	0	other-sites/karin/deleted-pages/825-eins-zwei/page.json
826	pages	824	zwei zwei	page	other-site	0	other-sites/karin/deleted-pages/826-zwei-zwei/page.json
827	pages	765	test 	page	other-site	0	other-sites/mhk/deleted-pages/827-test/page.json
828	pages	827	zwei	page	other-site	0	other-sites/mhk/deleted-pages/828-zwei/page.json
829	pages	828	zwei zwei	page	other-site	0	other-sites/mhk/deleted-pages/829-zwei-zwei/page.json
830	pages	827	eins	page	other-site	0	other-sites/mhk/deleted-pages/830-eins/page.json
831	pages	830	eins zwei	page	other-site	0	other-sites/mhk/deleted-pages/831-eins-zwei/page.json
832	pages	764	t3 tips	page	other-site	0	other-sites/universe1/deleted-pages/832-t3-tips/page.json
833	pages	0	wtweb design 	page	other-site	0	other-sites/wtweb-design/deleted-pages/833-wtweb-design/page.json
834	pages	765	Kontakt	page	other-site	0	other-sites/mhk/deleted-pages/834-kontakt/page.json
835	pages	765	Development	page	other-site	0	other-sites/mhk/deleted-pages/835-development/page.json
836	pages	765	Restauration	page	other-site	0	other-sites/mhk/deleted-pages/836-restauration/page.json
837	pages	765	Produkte	page	other-site	0	other-sites/mhk/deleted-pages/837-produkte/page.json
838	pages	765	Konstruktion	page	other-site	0	other-sites/mhk/deleted-pages/838-konstruktion/page.json
839	pages	770	Dienstleistungen	page	other-site	0	other-sites/mhk/deleted-pages/839-dienstleistungen/page.json
840	pages	838	Cpt.Silver	page	other-site	0	other-sites/mhk/deleted-pages/840-cpt-silver/page.json
841	pages	838	Treppe	page	other-site	0	other-sites/mhk/deleted-pages/841-treppe/page.json
842	pages	838	Vordach	page	other-site	0	other-sites/mhk/deleted-pages/842-vordach/page.json
843	pages	838	Museum	page	other-site	0	other-sites/mhk/deleted-pages/843-museum/page.json
844	pages	838	Modellbau	page	other-site	0	other-sites/mhk/deleted-pages/844-modellbau/page.json
845	pages	837	Taschenleuchte	page	other-site	0	other-sites/mhk/deleted-pages/845-taschenleuchte/page.json
846	pages	837	Moebel	page	other-site	0	other-sites/mhk/deleted-pages/846-moebel/page.json
847	pages	837	Trommelbeschlag	page	other-site	0	other-sites/mhk/deleted-pages/847-trommelbeschlag/page.json
848	pages	837	Wetterhahn	page	other-site	0	other-sites/mhk/deleted-pages/848-wetterhahn/page.json
849	pages	837	Regal	page	other-site	0	other-sites/mhk/deleted-pages/849-regal/page.json
850	pages	833	Kontakt	page	other-site	0	other-sites/wtweb-design/deleted-pages/850-kontakt/page.json
851	pages	833	Tests	page	other-site	0	other-sites/wtweb-design/deleted-pages/851-tests/page.json
852	pages	833	Start	page	other-site	0	other-sites/wtweb-design/deleted-pages/852-start/page.json
853	pages	851	lx-i	page	other-site	0	other-sites/wtweb-design/deleted-pages/853-lx-i/page.json
854	pages	833	Archiv	page	other-site	0	other-sites/wtweb-design/deleted-pages/854-archiv/page.json
855	pages	0	schau	page	other-site	0	other-sites/schau/deleted-pages/855-schau/page.json
856	pages	770	Produkte	page	other-site	0	other-sites/mhk/deleted-pages/856-produkte/page.json
857	pages	770	History	page	other-site	0	other-sites/mhk/deleted-pages/857-history/page.json
858	pages	0	t3	page	other-site	0	other-sites/t3/deleted-pages/858-t3/page.json
859	pages	858	edit typoscript	page	other-site	0	other-sites/t3/deleted-pages/859-edit-typoscript/page.json
929	pages	0	wtweb.net	page	other-site	0	other-sites/wtweb-net/deleted-pages/929-wtweb-net/page.json
930	pages	0	think	page	other-site	0	other-sites/think/deleted-pages/930-think/page.json
954	pages	0	blog	page	other-site	0	other-sites/blog/deleted-pages/954-blog/page.json
955	pages	954	templates	page	other-site	0	other-sites/blog/deleted-pages/955-templates/page.json
956	pages	954	links	page	other-site	0	other-sites/blog/deleted-pages/956-links/page.json
957	pages	954	comments	page	other-site	0	other-sites/blog/deleted-pages/957-comments/page.json
958	pages	954	blog posts	page	other-site	0	other-sites/blog/deleted-pages/958-blog-posts/page.json
959	pages	954	about	page	other-site	0	other-sites/blog/deleted-pages/959-about/page.json
960	pages	954	details	page	other-site	0	other-sites/blog/deleted-pages/960-details/page.json
961	pages	954	list	page	other-site	0	other-sites/blog/deleted-pages/961-list/page.json
962	pages	954	search	page	other-site	0	other-sites/blog/deleted-pages/962-search/page.json
963	pages	954	articles	page	other-site	0	other-sites/blog/deleted-pages/963-articles/page.json
964	pages	954	blog	page	other-site	0	other-sites/blog/deleted-pages/964-blog/page.json
980	pages	764	youtube	page	other-site	0	other-sites/universe1/deleted-pages/980-youtube/page.json
983	pages	958	test posts	page	other-site	0	other-sites/blog/deleted-pages/983-test-posts/page.json
1021	pages	954	test posts	page	other-site	0	other-sites/blog/deleted-pages/1021-test-posts/page.json
1022	pages	764	allg tests	page	other-site	0	other-sites/universe1/deleted-pages/1022-allg-tests/page.json
1023	pages	929	schau	page	other-site	0	other-sites/wtweb-net/deleted-pages/1023-schau/page.json
1024	pages	1023	licht	page	other-site	0	other-sites/wtweb-net/deleted-pages/1024-licht/page.json
1028	pages	833	Preise	page	other-site	0	other-sites/wtweb-design/deleted-pages/1028-preise/page.json
1060	pages	1040	Die Weglampen 2015	page	maja	0	maja/deleted-pages/1060-die-weglampen-2015/page.json
1079	pages	1039	sennhof	page	maja	0	maja/deleted-pages/1079-sennhof/page.json
446	tt_content	74	Content1	list	other-site	0	other-sites/content1/deleted-pages/74-content1/content-446.md
447	tt_content	74	Content1	table	other-site	0	other-sites/content1/deleted-pages/74-content1/content-447.md
1034	tt_content	760	Plug in	list	other-site	0	other-sites/karin/deleted-pages/760-plug-in/content-1034.md
1035	tt_content	760	Plug in	list	other-site	0	other-sites/karin/deleted-pages/760-plug-in/content-1035.md
1036	tt_content	759	test	image	other-site	0	other-sites/karin/deleted-pages/759-test/content-1036.md
1037	tt_content	759	test	text	other-site	9	other-sites/karin/deleted-pages/759-test/content-1037.md
1038	tt_content	759	test	list	other-site	0	other-sites/karin/deleted-pages/759-test/content-1038.md
1039	tt_content	758	Sitemap	menu	other-site	0	other-sites/karin/deleted-pages/758-sitemap/content-1039.md
1040	tt_content	753	3-1	menu	other-site	0	other-sites/karin/deleted-pages/753-3-1/content-1040.md
1041	tt_content	753	3-1	list	other-site	0	other-sites/karin/deleted-pages/753-3-1/content-1041.md
1042	tt_content	749	2-1	menu	other-site	0	other-sites/karin/deleted-pages/749-2-1/content-1042.md
1043	tt_content	749	2-1	list	other-site	0	other-sites/karin/deleted-pages/749-2-1/content-1043.md
1044	tt_content	737	1 struktur - menues	menu	other-site	0	other-sites/karin/deleted-pages/737-1-struktur-menues/content-1044.md
1045	tt_content	737	1 struktur - menues	list	other-site	0	other-sites/karin/deleted-pages/737-1-struktur-menues/content-1045.md
1046	tt_content	735	karin	bullets	other-site	16	other-sites/karin/deleted-pages/735-karin/content-1046.md
1047	tt_content	735	karin	text	other-site	29	other-sites/karin/deleted-pages/735-karin/content-1047.md
1049	tt_content	764	universe1	image	other-site	0	other-sites/universe1/deleted-pages/764-universe1/content-1049.md
1050	tt_content	764	universe1	image	other-site	0	other-sites/universe1/deleted-pages/764-universe1/content-1050.md
1051	tt_content	764	universe1	image	other-site	0	other-sites/universe1/deleted-pages/764-universe1/content-1051.md
1052	tt_content	764	universe1	html	other-site	0	other-sites/universe1/deleted-pages/764-universe1/content-1052.md
1053	tt_content	764	universe1	text	other-site	30	other-sites/universe1/deleted-pages/764-universe1/content-1053.md
1055	tt_content	770	Start	text	other-site	35	other-sites/mhk/deleted-pages/770-start/content-1055.md
1079	tt_content	801	Feuershow für Kids	image	other-site	0	other-sites/pyrofessor/on-surviving-pages/801-feuershow-f-r-kids/content-1079.md
1080	tt_content	801	Feuershow für Kids	textpic	other-site	0	other-sites/pyrofessor/on-surviving-pages/801-feuershow-f-r-kids/content-1080.md
1141	tt_content	813	t3 tips blog	text	other-site	51	other-sites/universe1/deleted-pages/813-t3-tips-blog/content-1141.md
1142	tt_content	814	login	login	other-site	0	other-sites/universe1/deleted-pages/814-login/content-1142.md
1147	tt_content	771	Kontakt	list	other-site	263	other-sites/pyrofessor/on-surviving-pages/771-kontakt/content-1147.md
1155	tt_content	813	t3 tips blog	text	other-site	141	other-sites/universe1/deleted-pages/813-t3-tips-blog/content-1155.md
1156	tt_content	813	t3 tips blog	text	other-site	189	other-sites/universe1/deleted-pages/813-t3-tips-blog/content-1156.md
1157	tt_content	770	Start	textpic	other-site	246	other-sites/mhk/deleted-pages/770-start/content-1157.md
1158	tt_content	839	Dienstleistungen	text	other-site	789	other-sites/mhk/deleted-pages/839-dienstleistungen/content-1158.md
1159	tt_content	844	Modellbau	textpic	other-site	106	other-sites/mhk/deleted-pages/844-modellbau/content-1159.md
1160	tt_content	838	Konstruktion	textpic	other-site	46	other-sites/mhk/deleted-pages/838-konstruktion/content-1160.md
1161	tt_content	843	Museum	textpic	other-site	92	other-sites/mhk/deleted-pages/843-museum/content-1161.md
1162	tt_content	842	Vordach	textpic	other-site	65	other-sites/mhk/deleted-pages/842-vordach/content-1162.md
1163	tt_content	841	Treppe	textpic	other-site	30	other-sites/mhk/deleted-pages/841-treppe/content-1163.md
1164	tt_content	840	Cpt.Silver	textpic	other-site	174	other-sites/mhk/deleted-pages/840-cpt-silver/content-1164.md
1165	tt_content	849	Regal	textpic	other-site	0	other-sites/mhk/deleted-pages/849-regal/content-1165.md
1166	tt_content	848	Wetterhahn	textpic	other-site	62	other-sites/mhk/deleted-pages/848-wetterhahn/content-1166.md
1167	tt_content	847	Trommelbeschlag	textpic	other-site	33	other-sites/mhk/deleted-pages/847-trommelbeschlag/content-1167.md
1168	tt_content	833	wtweb design 	text	other-site	1961	other-sites/wtweb-design/deleted-pages/833-wtweb-design/content-1168.md
1169	tt_content	852	Start	text	other-site	192	other-sites/wtweb-design/deleted-pages/852-start/content-1169.md
1170	tt_content	852	Start	textpic	other-site	252	other-sites/wtweb-design/deleted-pages/852-start/content-1170.md
1171	tt_content	853	lx-i	list	other-site	0	other-sites/wtweb-design/deleted-pages/853-lx-i/content-1171.md
1172	tt_content	851	Tests	list	other-site	0	other-sites/wtweb-design/deleted-pages/851-tests/content-1172.md
1175	tt_content	854	Archiv	textpic	other-site	106	other-sites/wtweb-design/deleted-pages/854-archiv/content-1175.md
1176	tt_content	852	Start	textpic	other-site	37	other-sites/wtweb-design/deleted-pages/852-start/content-1176.md
1177	tt_content	854	Archiv	textpic	other-site	35	other-sites/wtweb-design/deleted-pages/854-archiv/content-1177.md
1178	tt_content	854	Archiv	textpic	other-site	83	other-sites/wtweb-design/deleted-pages/854-archiv/content-1178.md
1179	tt_content	854	Archiv	textpic	other-site	112	other-sites/wtweb-design/deleted-pages/854-archiv/content-1179.md
1180	tt_content	852	Start	textpic	other-site	40	other-sites/wtweb-design/deleted-pages/852-start/content-1180.md
1181	tt_content	852	Start	textpic	other-site	82	other-sites/wtweb-design/deleted-pages/852-start/content-1181.md
1182	tt_content	833	wtweb design 	text	other-site	85	other-sites/wtweb-design/deleted-pages/833-wtweb-design/content-1182.md
1183	tt_content	852	Start	textpic	other-site	83	other-sites/wtweb-design/deleted-pages/852-start/content-1183.md
1184	tt_content	850	Kontakt	list	other-site	263	other-sites/wtweb-design/deleted-pages/850-kontakt/content-1184.md
1185	tt_content	854	Archiv	textpic	other-site	35	other-sites/wtweb-design/deleted-pages/854-archiv/content-1185.md
1186	tt_content	854	Archiv	text	other-site	0	other-sites/wtweb-design/deleted-pages/854-archiv/content-1186.md
1187	tt_content	852	Start	textpic	other-site	26	other-sites/wtweb-design/deleted-pages/852-start/content-1187.md
1188	tt_content	850	Kontakt	text	other-site	112	other-sites/wtweb-design/deleted-pages/850-kontakt/content-1188.md
1189	tt_content	767	Tests	text	other-site	0	other-sites/universe1/deleted-pages/767-tests/content-1189.md
1190	tt_content	856	Produkte	multimedia	other-site	267	other-sites/mhk/deleted-pages/856-produkte/content-1190.md
1191	tt_content	770	Start	text	other-site	0	other-sites/mhk/deleted-pages/770-start/content-1191.md
1192	tt_content	857	History	list	other-site	0	other-sites/mhk/deleted-pages/857-history/content-1192.md
1193	tt_content	827	test 	textpic	other-site	0	other-sites/mhk/deleted-pages/827-test/content-1193.md
1194	tt_content	858	t3	text	other-site	49	other-sites/t3/deleted-pages/858-t3/content-1194.md
1195	tt_content	859	edit typoscript	text	other-site	72	other-sites/t3/deleted-pages/859-edit-typoscript/content-1195.md
1282	tt_content	964	blog	list	other-site	0	other-sites/blog/deleted-pages/964-blog/content-1282.md
1283	tt_content	964	blog	list	other-site	0	other-sites/blog/deleted-pages/964-blog/content-1283.md
1284	tt_content	964	blog	list	other-site	0	other-sites/blog/deleted-pages/964-blog/content-1284.md
1285	tt_content	963	articles	list	other-site	0	other-sites/blog/deleted-pages/963-articles/content-1285.md
1286	tt_content	962	search	list	other-site	0	other-sites/blog/deleted-pages/962-search/content-1286.md
1287	tt_content	961	list	list	other-site	0	other-sites/blog/deleted-pages/961-list/content-1287.md
1288	tt_content	960	details	list	other-site	0	other-sites/blog/deleted-pages/960-details/content-1288.md
1289	tt_content	954	blog	text	other-site	33	other-sites/blog/deleted-pages/954-blog/content-1289.md
1290	tt_content	954	blog	list	other-site	0	other-sites/blog/deleted-pages/954-blog/content-1290.md
1305	tt_content	839	Dienstleistungen	textpic	other-site	25	other-sites/mhk/deleted-pages/839-dienstleistungen/content-1305.md
1312	tt_content	852	Start	text	other-site	14	other-sites/wtweb-design/deleted-pages/852-start/content-1312.md
1316	tt_content	980	youtube	html	other-site	0	other-sites/universe1/deleted-pages/980-youtube/content-1316.md
1317	tt_content	980	youtube	html	other-site	0	other-sites/universe1/deleted-pages/980-youtube/content-1317.md
1320	tt_content	980	youtube	text	other-site	74	other-sites/universe1/deleted-pages/980-youtube/content-1320.md
1346	tt_content	966	Brennende Badewanne	image	other-site	0	other-sites/pyrofessor/on-surviving-pages/966-brennende-badewanne/content-1346.md
1479	tt_content	852	Start	textpic	other-site	51	other-sites/wtweb-design/deleted-pages/852-start/content-1479.md
1480	tt_content	1022	allg tests	text	other-site	351	other-sites/universe1/deleted-pages/1022-allg-tests/content-1480.md
1486	tt_content	852	Start	text	other-site	0	other-sites/wtweb-design/deleted-pages/852-start/content-1486.md
1487	tt_content	852	Start	text	other-site	0	other-sites/wtweb-design/deleted-pages/852-start/content-1487.md
1488	tt_content	852	Start	text	other-site	90	other-sites/wtweb-design/deleted-pages/852-start/content-1488.md
1489	tt_content	1028	Preise	text	other-site	48	other-sites/wtweb-design/deleted-pages/1028-preise/content-1489.md
1490	tt_content	1028	Preise	text	other-site	43	other-sites/wtweb-design/deleted-pages/1028-preise/content-1490.md
1522	tt_content	1022	allg tests	textpic	other-site	9	other-sites/universe1/deleted-pages/1022-allg-tests/content-1522.md
1532	tt_content	852	Start	textpic	other-site	147	other-sites/wtweb-design/deleted-pages/852-start/content-1532.md
1581	tt_content	801	Feuershow für Kids	image	other-site	0	other-sites/pyrofessor/on-surviving-pages/801-feuershow-f-r-kids/content-1581.md
1585	tt_content	852	Start	text	other-site	266	other-sites/wtweb-design/deleted-pages/852-start/content-1585.md
1593	tt_content	1060	Die Weglampen 2015	list	maja	0	maja/deleted-pages/1060-die-weglampen-2015/content-1593.md
1594	tt_content	1060	Die Weglampen 2015	text	maja	448	maja/deleted-pages/1060-die-weglampen-2015/content-1594.md
1604	tt_content	801	Feuershow für Kids	image	other-site	0	other-sites/pyrofessor/on-surviving-pages/801-feuershow-f-r-kids/content-1604.md
1605	tt_content	801	Feuershow für Kids	textpic	other-site	0	other-sites/pyrofessor/on-surviving-pages/801-feuershow-f-r-kids/content-1605.md
1606	tt_content	801	Feuershow für Kids	image	other-site	0	other-sites/pyrofessor/on-surviving-pages/801-feuershow-f-r-kids/content-1606.md
1607	tt_content	801	Feuershow für Kids	image	other-site	0	other-sites/pyrofessor/on-surviving-pages/801-feuershow-f-r-kids/content-1607.md
1625	tt_content	1068	Portraits	text	maja	689	maja/on-surviving-pages/1068-portraits/content-1625.md
1657	tt_content	1079	sennhof	list	maja	0	maja/deleted-pages/1079-sennhof/content-1657.md
1658	tt_content	1079	sennhof	text	maja	547	maja/deleted-pages/1079-sennhof/content-1658.md
1659	tt_content	1079	sennhof	list	maja	0	maja/deleted-pages/1079-sennhof/content-1659.md
1660	tt_content	1079	sennhof	text	maja	1272	maja/deleted-pages/1079-sennhof/content-1660.md
